-- phpMyAdmin SQL Dump
-- version 4.9.7
-- https://www.phpmyadmin.net/
--
-- Host: localhost:3306
-- Generation Time: Jan 02, 2023 at 01:58 PM
-- Server version: 5.6.51
-- PHP Version: 7.4.33

SET SQL_MODE = "NO_AUTO_VALUE_ON_ZERO";
SET AUTOCOMMIT = 0;
START TRANSACTION;
SET time_zone = "+00:00";


/*!40101 SET @OLD_CHARACTER_SET_CLIENT=@@CHARACTER_SET_CLIENT */;
/*!40101 SET @OLD_CHARACTER_SET_RESULTS=@@CHARACTER_SET_RESULTS */;
/*!40101 SET @OLD_COLLATION_CONNECTION=@@COLLATION_CONNECTION */;
/*!40101 SET NAMES utf8mb4 */;

--
-- Database: `hgmadmin_sinventoryphp`
--

-- --------------------------------------------------------

--
-- Table structure for table `categories`
--

CREATE TABLE `categories` (
  `categories_id` int(11) NOT NULL,
  `categories_name` varchar(255) NOT NULL,
  `categories_active` int(11) NOT NULL DEFAULT '0',
  `categories_status` int(11) NOT NULL DEFAULT '0'
) ENGINE=InnoDB DEFAULT CHARSET=latin1;

--
-- Dumping data for table `categories`
--

INSERT INTO `categories` (`categories_id`, `categories_name`, `categories_active`, `categories_status`) VALUES
(1, 'Solid Shade Tinters', 1, 1),
(2, 'White & Black Tinters', 1, 1),
(3, 'Toners', 1, 1),
(4, 'Metallic Effect', 1, 1),
(5, 'Pearls', 1, 1),
(6, 'Xirallic Pearls', 1, 1),
(7, 'Special', 1, 1);

-- --------------------------------------------------------

--
-- Table structure for table `orders`
--

CREATE TABLE `orders` (
  `order_id` int(11) NOT NULL,
  `order_date` date NOT NULL,
  `client_name` varchar(255) NOT NULL,
  `client_contact` varchar(255) NOT NULL,
  `client_vehicle` varchar(255) NOT NULL,
  `client_plate` varchar(255) NOT NULL,
  `color` varchar(255) NOT NULL,
  `volume` varchar(255) NOT NULL,
  `amount_paid` float NOT NULL,
  `order_status` int(11) NOT NULL,
  `user_id` int(11) NOT NULL
) ENGINE=InnoDB DEFAULT CHARSET=latin1;

--
-- Dumping data for table `orders`
--

INSERT INTO `orders` (`order_id`, `order_date`, `client_name`, `client_contact`, `client_vehicle`, `client_plate`, `color`, `volume`, `amount_paid`, `order_status`, `user_id`) VALUES
(6, '2022-06-06', 'sebonile nganga', '76747279', 'toyota corolla', 'b 826 atj', 'toyota 8s1 light blue met ', '1000', 1217.21, 1, 7),
(7, '2022-06-06', 'OMEGA', '776531410', 'TOYOTA HILUX', 'B 435 BPB', 'TOYOTA 4R8 ORANGE MET S/R', '500.0', 478.9, 1, 4),
(13, '2022-06-07', 'MARUNG DEVELOPMENT', '72386250', 'TOYOTA HILUX', 'B 419 BJB', '040 SUPER WHITE STD', '700.0', 615.38, 1, 4),
(15, '2022-06-07', 'OVERLAND COMPANY', '2413567', 'TOYOTA AVANT', 'OVERLAND', 'TOYOTA 4V8 GARDE BRONZA MET S/R', '750.0', 1023.25, 1, 4),
(16, '2022-06-08', 'SEBONILE', '76747279', 'TOYOTA', 'B 828 ATJ', 'TOYOTA 8S1', '600', 760.36, 1, 7),
(17, '2022-06-09', 'NTT NISSAN FRANCISTOWN', '2412380', 'NISSAN MICRA', 'B 488 BJH', 'NISSAN ZBD PLATINUM SILVER MET STD', '350', 515, 1, 8),
(18, '2022-06-09', 'NTT NISSAN FRANCISTOWN', '2412380', 'NISSAN MICRA', 'B 488 BJH', 'NISSAN ZBD PLATINUM SILVER MET STD', '350', 515.08, 1, 7),
(19, '2022-06-10', 'DREAM CHOICE', '71212203', 'TOYOTA HILUX', 'B 240 BMN', 'TOYOTA 040 SUPER WHITE', '500', 439.56, 1, 7),
(20, '2022-06-10', 'BOTSWANA POWER CORPORATION', '2413939', 'ISUZU DMX', 'B 315 BJJ', 'GM / OPEL GAZ OLYMPIC WHITE 2C D', '700', 616.63, 1, 7),
(21, '2022-06-13', 'OMEGA', '77653141', 'TOYOTA HILUX', 'B 435 BPB', 'TOYOTA 4R8 ORANGE MET ', '600', 287.34, 1, 8),
(22, '2022-06-16', 'NTT NISSAN FRANCISTOWN', '2412380', 'NISSAN MICRA', 'B 488 BJH', 'VOLVO 481 COSMIC WHITE MET STD', '150', 88.18, 1, 7),
(23, '2022-06-17', 'OMEGA', '77653141', 'TOYOTA HILUX', 'B 435 BPB', 'TOYOTA 4R8 ORANGE MET SR', '400', 191.56, 1, 7),
(24, '2022-06-17', 'HIGH GRADE MOTORS', '2412030', 'FORD RANGER', 'B 987 BCN', 'FORD 7VAWWA FROZEN WHITE STD', '200', 175.92, 1, 7),
(31, '2022-06-20', 'BARLOWORLD MOTOR', '2412323', 'FORD RANGER', 'B 183 BRF', 'LIGHTNING BLUE / HBM 51552 DECK 22', '150', 72.58, 1, 7),
(33, '2022-06-21', 'MR ANDRIES', '2416505', 'ISUZU D MAX', 'B 727 BNH', 'CHEVROLERT GAZ OLYMPIC  WHITE S/R', '300', 263.86, 1, 7),
(35, '2022-06-23', 'CHE MATSHO', '71465553', 'MERCEDES BENZ', 'B 891 BAI', 'ATLANTIC WHITE', '1000', 878.25, 1, 7),
(36, '2022-06-23', 'SEBONILE NGANGA', '76747279', 'TOYOTA COROLLA', 'B 826 ATJ', '8S1 ', '150', 182.59, 1, 7),
(37, '2022-06-23', 'LAST LION DISTRIBUTORS', '71319085', 'JEEP CHEROKEE', 'B 846  AXP', 'PW7', '500', 440.09, 1, 7),
(38, '2022-06-24', 'MASENGA CONSULTING', '2412030', 'FORD RANGER', 'B 254 BHN', 'FORD 7VTA FROZEN WHITE S/R', '1000', 880.14, 1, 7),
(39, '2022-06-24', 'THEBE', '2413602', 'MAZDA', 'B 937 BLW', 'MAZDA 34K DECK 35', '300ML  FIRST COAT', 624.68, 1, 7),
(40, '2022-06-24', 'THEBE ', '2413602', 'MAZDA', 'B 937 BLW', 'MAZDA 34 K', '300ML SECOND COAT', 163.7, 1, 7),
(42, '2022-06-28', 'KEFILWE JEREMIAH', '76192585', 'TOYOTA RAV4', 'B 787 BCF', '040', '1000', 878.27, 1, 5),
(43, '2022-06-29', 'THEBE', '2413602', 'MADZA', 'B 937 BLW', 'MAZDA 34K CRYSTAL WHITE MET 3C STD', '300 FIRST COAT', 612.48, 1, 7),
(44, '2022-06-29', 'THEBE', '2413602', 'MAZDA', 'B 937 BLW', 'MAZDA 34K CRYSTAL WHITE 3C STD', '300 SECOND COAT', 378.48, 1, 7),
(45, '2022-06-29', 'MR PAULO NKONI', '71219872', 'TOYOTA FORTUNER', 'B 181 BKL', 'TOYOTA 040 SUPER WHITE S/R', '1000', 879.11, 1, 7),
(46, '2022-06-30', 'NTT NISSAN', '2412380', 'NISSAN NP 300', 'B 844 BLU', 'HB S 0514 DECK 13', '1000', 878.81, 1, 7),
(47, '2022-07-04', ' DELU WYS TRAVEL', '72594471', 'IVECO', 'B 187 BGR', 'IVECO IC194 BIANCO S/R', '1000', 868.13, 1, 7),
(49, '2022-07-05', 'OMEGA', '77653141', 'TOYOTA HILUX', 'B 435 BPB', 'TOYOTA  4R8 ORANGE MET S/R', '500', 239.45, 1, 7),
(50, '2022-07-06', 'DIMPHO RADIMPE', '74360879', 'VW POLO', 'B 412 BIG', 'VOLKSWAGEN LD7X PLATINUM GREY MET S/R', '300', 432.81, 1, 7),
(51, '2022-07-07', 'OVERLAND ', '2413567', 'NISSAN ', 'NISSAN', 'NISSAN KLO 4CT', '4000', 5712.66, 1, 7),
(52, '2022-07-07', 'MRS ALICE DEMA', '71301698', 'MERCEDES BENZ 4 MATIC', 'B 844 BEH', 'MERCEDES  CODE  775', '300', 374.84, 1, 7),
(53, '2022-07-08', 'NTT NISSAN ', '2412330', 'NISSAN NP 300', 'B 398 BGI', 'NISSAN QM1 POLAR WHITE STD', '1000', 880.84, 1, 7),
(54, '2022-07-09', 'SYCHRON COMPANY [GONTSE]', '75520617', 'TOYOTA HILUX', 'B 844 BPV', '1D6 HB M 01434  DECK 93', '250', 351.09, 1, 7),
(55, '2022-07-11', 'SOUTHERN SKY', '2412051', 'TOYOTA CAMRY', 'B 441 ATI', 'TOYOTA 1CO SILVER MET S/R', '2000', 2875.69, 1, 7),
(56, '2022-07-11', 'LESEGO JOALO', '76322510', 'MAZDA BT 50', 'B 489 AYK', 'FORD 7VTA FROZEN WHITE S /R ', '700', 616.1, 1, 7),
(57, '2022-07-12', 'OMEGA', '77653141', 'TOYOTA HILUX', 'B 435 BPB', 'TOYOTA  4R8 ORANGE MET S/R', '250', 119.73, 1, 7),
(58, '2022-07-12', 'THATA   BOLAANE', '74339223', 'MERCEDES BENZ', 'B 369 BAB ', 'MERCEDES 149 POLARWEISS S/R', '500', 439.21, 1, 7),
(59, '2022-07-13', 'AGNES TADUBANA', '71683462', 'TOYOTA HILUX ', 'B 962 API', 'TOYOTA 040 SUPER WHITE S/R ', '2500', 2202.2, 1, 7),
(60, '2022-07-14', 'BOTSWANA POWER COPARATION', '2413916', 'ISUZU', 'B 210 BJE', 'GM /OPEL GAZ OLYMPIC WHITE 2C D', '500', 440.45, 1, 7),
(61, '2022-07-20', 'OBAKENG MANYENYENGWA', '71498145', 'AUDI A3', 'B 166 BIW', 'MERCEDES 197 OBSIDIANSCHWARZ MET L', '500', 724.81, 1, 7),
(62, '2022-07-16', 'LAWA HOLDINGS', '71624860', 'BUS ', 'B 600 BIA', 'TOYOTA 040 SUPER WHITE  S/R', '300', 264.26, 1, 7),
(63, '2022-07-16', 'OLATOTSE SOLOMON', '71477852', 'MERCEDES BENZ', 'B 693 BCR', 'MERCEDES 650 CALCITWEISS Y', '2000', 1759.15, 1, 7),
(64, '2022-07-21', 'THUSANYO FUNERAL SERVICES', '2417300', 'TOYOTA HILUX ', 'B 932 BKP', 'TOYOTA 040 SUPER WHITE S/R', '1500', 1318.67, 1, 7),
(65, '2022-07-22', 'ANDERSON GALANI', '75233427', 'VW POLO', 'B531 BPO', 'VOLKSWAGEN LA7N LIMESTONE GREY MET / PU', '650', 916.06, 1, 7),
(66, '2022-07-22', 'VUSSY JOHANE', '72669121', 'TOYOTA HILUX GD6', 'B 527 BPL', '1D6 HBM 011112 DECK 18', '500', 667.98, 1, 7),
(67, '2022-07-25', 'HIGH GRADE MOTORS', '2412030', 'TOYOTA HILUX ', 'ADY 2928', 'TOYOTA 040 SUPER WHITE S/R', '5000', 4404.4, 1, 7),
(68, '2022-07-26', 'BERNARD  MOKONI ', '75241349', 'FORD RANGER', 'B 301 BLW', 'FORD 2431C MOONDUST SILVER MET L S/R', '650', 956.83, 1, 7),
(69, '2022-07-26', 'CHIVARA TRANSPORT SERVICES', '76897180', 'FREIGHTLINER ARGOSY', 'B 456 AYN', 'TOYOTA 040 SUPER WHITE S/R', '1500', 1321.32, 1, 7),
(70, '2022-07-27', 'NTT NISSAN', '2412380', 'NISSAN X TRIAL', 'B 128 BIL', 'NISSAN QAB PEARL WHITE MET 3C G S/R  DECK 18 [FIRST COAT]', '700', 1441.55, 1, 7),
(71, '2022-07-27', 'NTT NISSAN ', '2142380', 'NISSAN X TRIAL', 'B 128 BIL', 'NISSAN QAB PEARL  WHITE MET 3C G S/R', '700', 1441.55, 1, 7),
(72, '2022-07-27', 'BERNARD MOKONI', '75241349', 'FORD RANGER ', 'B 301 BLW', 'FORD 2331C MOONDUST SILVER MET L S/R DECK 37', '500', 736.02, 1, 7),
(73, '2022-07-28', 'HIGH GRADE MOTORS ', '2412030', 'TOYOTA  HILUX ', 'ADY 2928', 'TOYOTA 040 SUPER WHITE S/R', '600', 528.53, 1, 7),
(74, '2022-07-29', 'NORTH EAST DISTRICT COUNCIL', '2489242', 'FORD  RANGER', 'B 365 BAB', 'FROZEN WHITE HB S 0368 DECK 9', '1000', 879.77, 1, 7),
(75, '2022-07-30', 'AUTO SCIECO', '2435093', 'TRUCK  VOLVO', 'B  356 BRD', 'VOLVO 1110 SIGNAL WHITE STD ', '500', 440.24, 1, 7),
(76, '1970-01-01', '', '', '', '', '', '', 0, 1, 7),
(77, '2022-07-20', 'AUTO SCIECO', '2435093', 'VOLVO TRUCK', 'B 356 BRD', 'VOLVO  1110  SIGNAL  WHITE  STD', '500', 440.24, 1, 7),
(78, '2022-07-29', 'CHIVARA TRANSPORT  SERVICES', '76897180', 'FREIGHTLINER ARGOSY', 'B 456 AYN', 'TOYOTA  040  SUPER  WHITE  S/R', '500', 440.44, 1, 7),
(79, '2022-08-01', 'HIGH GRADE MOTORS', '2412030', 'TOYOT HILUX', 'ADY2928', 'TOYOTA 040 SUPER WHITE  S/R', '1500', 1321.32, 1, 7),
(80, '2022-08-01', 'MS ITUMELENG GEORGE', '71604038', 'TOYOTA HILUX', 'B 483 BPK', 'TOYOTA 040 SUPER WHITE S/R', '1000', 879.11, 1, 7),
(81, '2022-08-02', 'MR EDDIE APRIL', '76856212', 'MERCEDES BENZ', 'B 643 BKS', 'MERCEDES  149 POLARWEISS S/R', '500', 439.21, 1, 7),
(82, '2022-08-02', 'BARLOWORLD MOTORS', '2412323', 'FORD RANGER', 'B 657 BRC', 'FORD 5R SABER MET 3C S/R HB M 2885 DECK MA7', '250 FIRST COAT', 347.01, 1, 7),
(83, '2022-08-02', 'BARLOWORLD MOTORS', '2412323', 'FORD RANGER', 'B 657 BRC', 'FORD 5R  SABER MET 3C S/R  HB M 2885 DECK MA7', '250   SECOND COAT', 147.01, 1, 7),
(84, '2022-08-03', 'TADIWA', '0779604796', 'TOYOTA', 'B567JYT', '040', '250', 50, 1, 8),
(85, '2022-08-03', 'MR EDDIE APRIL', '76856212', 'MERCEDES BENZ', 'B 643 BKS', 'MERCEDES 149 POLARWEISS  S/R', '500', 439.21, 1, 7),
(86, '2022-08-04', 'PEOLWANE KGOMOTSO', '72416863', 'MERCEDES BENZ', 'B 343 BGV', 'MERCEDES 792  PALLADIUMSILBER  MET S/R ', '650', 879.24, 1, 7),
(87, '2022-08-05', 'HIGH GRADE MOTORS', '2412030', ' MICRA', 'B 229 BLF', 'MAZDA 34K  CRYSTAL WHITE MET 3C STD DECK 93', '250', 510.4, 1, 7),
(88, '2022-08-05', 'MR PAULO NKONI', '71219872', 'TOYOTA FORTUNER', 'B 181 BKL', 'TOYOTA 040 SUPER WHITE S/R DECK 9', '700', 615.38, 1, 7),
(89, '2022-08-05', 'GEOTECHNICS INTERNATIONAL', '71809625', 'TOYOTA HILUX', 'B 718 BHR', 'TOYOTA 040 SUPER WHITE S/R', '500', 439.56, 1, 7),
(90, '2022-08-06', 'HIGH GRADE MOTORS ', '2412030', 'TOYOTA   HILUX ', 'ADY 2928', 'TOYOTA 040 SUPER WHITE S/R', '500', 404.44, 1, 7),
(91, '2022-08-08', 'MR SAMU', '72819496', 'MAZDA 3', 'B468 ATV', 'HB M 3233  DECK 8', '1500', 643.91, 1, 7),
(92, '2022-08-09', 'NORTH EAST DISTRICT COUNCIL', '2489242', 'FORD RANGER', 'B 365 BAB', 'FROZEN WHITE DECK 9 HBS 0368', '1500', 1319.66, 1, 7),
(93, '2022-08-09', 'HIGH GRADE MOTORS', '2412030', 'NISSAN MICRA', 'B 229 BLF', 'NISSAN QX1 WHITE MET STD DECK 93', '500 ML HBM 01496 FIRST COAT', 1028.02, 1, 7),
(94, '2022-08-09', 'HIGH GRADE MOTORS', '2412030', 'NISSAN MICRA', 'B 229 BLF', 'NISSAN QX1 WHITE MET STD DECK 93', '500ML HB M 01496 SECOND COAT', 634.32, 1, 7),
(95, '2022-08-10', 'BARLOWORLD  MOTORS', '2412323', 'FORD  RANGER', 'B 380 BMM', 'FORD FK DIFFUSED SILVER MET STD HBM 1609 DECK 100', '2000', 2696.99, 1, 7),
(96, '2022-08-11', 'TEBOGO OBEENG', '71779637', 'ISUZU D MAX', 'B 411 BNW', 'GM OPEL GG2 PULL ME OVER RED S/R HB S 2255 DECK SA4', '400ML', 9.67, 1, 7),
(97, '2022-08-11', 'SYCHRONISE  COMPANY  [GONTSE]', '75520617', 'TOYOTA HILUX', 'B 715 AXD', 'TOYOTA 1CO SILVER MET S/R DEC K 34', '250', 359.48, 1, 7),
(98, '2022-08-13', 'STEPHEN THUMANKWE', '71333385', 'BMW X5', 'B 132  BNP', 'ALPHINE  WHITE  HB S 0434 DECK 3', '1000ML', 879.91, 1, 7),
(99, '2022-08-12', 'REFILWE LEMPALETSE', '77704337', 'MERCEDES  BENZ', 'B 303 BAU', 'MERCEDES 650 CALCITWEISS STD HBS 0488 DECK 13', '1000', 872.27, 1, 7),
(100, '2022-08-15', 'EQUIIPMENT SALES AND SERVICES', '71315283', 'TOYOTA HILUX  GD6', 'B 474 BGZ', 'TOYOTA 040 SUPER WHITE S/R HB S 0376 DECK 9', '1500', 1318.67, 1, 7),
(101, '2022-08-17', 'DIKELEDI MASIMEGA', '71613636', 'TOYOTA FORTUNER', 'B 495 BNE', 'TOYOTA 040 SUPER S/R HB S 0376 DECK 9', '1000', 879.11, 1, 7),
(102, '2022-08-17', 'MR MAFEFE', '72201737', 'TOYOTA HILUX', 'B 145 BOE', 'TOYOTA 040 SUOER WHITE S/R', '500', 439.56, 1, 7),
(103, '2022-08-17', 'KENNETH   BADZA ', '76238819', 'MAZDA  AXELA    ', 'B 947 BLY', 'MAZDA 34K CRYSTAL WHITE MET 3C PU HB M 0868 DECK 35', '500ML  FIRST  COAT', 1041.13, 1, 7),
(104, '2022-08-17', 'KENNETH  BADZA', '76238819', 'MAZDA AXELA', 'B 947 BLY', 'MAZDA 34K CRYSTAL WHITE MET 3C PU', '250ML DECK 35 SECOND COAT', 136.41, 1, 7),
(105, '2022-08-19', 'MR MAPHORISA', '76822353', 'SPRINTER MERCEDES BENZ', 'B 742 BDH', '747 A', '150', 9.95, 1, 7),
(106, '2022-08-19', 'DIKELEDI MASIMEGA', '71613636', 'TOYOTA FORTUNER ', 'B 495 BNE', 'TOYOTA  040  SUPER WHITE S/R', '500ML', 439.56, 1, 7),
(107, '2022-08-20', 'NTT NISSAN ', '2412380', 'NISSAN NP 300', 'B 829 BOG', 'KYO PLATINUM SILVER HB M 7825 DECK 65', '1000', 1351.53, 1, 7),
(108, '2022-08-20', 'HUMANA PEOPLE TO PEOPLE', '71852998', 'ISUZU KB 250', 'B 509 BPN', 'GM /OPEL GAZ OLYMPIC WHITE  L S/R', '2500', 2202.02, 1, 7),
(109, '2022-08-24', 'BARLOWORLD MOTORS', '2412323', 'FORD FIGO', 'B 323 AYK', 'FORD 2398CM LAGUNGRUEN MET /VERONA GREEN MET', '150', 203.22, 1, 7),
(110, '2022-08-24', 'BARLOWORLD MOTORS', '2412323', 'FORD FIGO', 'B 323 AYK', 'FORD 2398CM LAGUNGRUEN MET /VERONA GREEN MET STD HBM 11110 DECK 19', '2350', 3053.89, 1, 7),
(111, '2022-08-25', 'MP MINING', '71446521', 'TOYOTA  FORTUNER    ', 'B 771 BML', 'TOYOTA 040 SUPER WHITE S/R HB S 0376 DECK 9', '650ML', 571.42, 1, 7),
(112, '2022-08-25', 'CALVIN', '72339747', 'TOYOTA COROLLA', 'B 846 BCR', 'TOYOTA 1E7 SILVER MET S/R', '2500', 3586.82, 1, 7),
(113, '2022-08-27', 'MASENGA  CONSULTING  ENGINEERS', '75273756', 'FORD RANGER', 'B 254 BHN', 'FORD 7VTA FROZEN WHITE S/R', '400', 352.06, 1, 7),
(114, '2022-08-29', 'ONALETHATA  MODISE', '72852725', 'FORD RANGER', 'B 777 BGD', 'FORD 7VTA  FROZEN WHITE S/R', '3000', 2640.42, 1, 7),
(115, '2022-08-31', 'MR  LEBANG  RICHARD', '76201617', 'VW JETTA ', 'B 406 BNL', 'LB9A HB S 0349 DECK 9', '1000ML', 880.21, 1, 7),
(116, '2022-09-02', 'DUMISANI  MANDEVU', '77010580', 'NISSAN X TRIAL', 'B 105 BNP', 'HB M 71106 DECK 82', '650ML', 930.96, 1, 7),
(117, '2022-09-02', 'DUMISANI MANDEVU', '77010580', 'NISSAN X TRIAL', 'B 105 BNP', 'HB M 71106 DECK 82', '650ML', 930.95, 1, 7),
(118, '2022-09-02', 'NKOLAS PRETORIUS', '75900541', 'TOYOTA HILUX', 'B 370 AUX', 'TOYOTA AUSTRILIA 040 SUPER WHITE L PU', '2000', 1759.1, 1, 7),
(119, '2022-09-06', 'MR PATRICK  MAPODISI', '71365444', 'TOYOTA HILUX GD6', 'B 746 BPF', 'TOYOTA 1D6 SILVER SKY MET B ', '400ML', 561.74, 1, 7),
(120, '2022-09-06', 'NALEDI  MOTORS ', '2413602', 'MERCEDES BENZ 4 MATIC GLC ', 'B 736 BNN', 'MERCEDES  7831 GRAPHITGRAU  MET STD', '1000ML', 829.6, 1, 7),
(121, '2022-09-06', 'HIGH GRADE MOTORS', '2412030', 'LAND CRUISER', 'B 957 AWE', '058 HB S 0163 DECK 1', '400ML', 440.17, 1, 7),
(122, '2022-09-07', 'PRAISE  MUSHAPADZE', '00263772949788', 'TOYOTA  FORTUNER', 'ADX 1006', 'TOYOTA 040 SUPER WHITE S/R', '2500ML', 2197.78, 1, 7),
(123, '2022-09-08', 'MR JEFF MATHLAKA', '71799057', 'JEEP CHEROKEE', 'B 944 BPB', 'CHRYSLER PSC BILLET SILVER MET S/R', '300ML', 338.86, 1, 7),
(124, '2022-09-08', 'NICOLAS PRETORIUS', '75900541', 'TOYOTA HILUX', 'B 370 AUX', 'TOYOTA  AUSTRALIA 040 SUPER WHITE ', '1500ML', 1319.32, 1, 7),
(125, '2022-09-08', 'PRAISE  MUSHAPADZE', '00263772949788', 'TOYOTA  FORTUNER', 'ADX1006', 'TOYOTA 040 SUPER WHITE S/R', '600ML', 527.47, 1, 7),
(126, '2022-09-09', 'HYPROP INVESTMENT', '2440161', 'MERCEDES BENZ', 'B 929 AZR', 'MERCEDES 7787 MOUNTAIN GRAU MET S/R', '1000ML', 1428.06, 1, 7),
(127, '2022-09-10', 'MR  PONYANE', '71532472', 'TOYOTA HILUX ', 'B 200 ACM', 'HB S 0363 DECK 9', '2000ML', 1662.67, 1, 7),
(128, '2022-09-10', 'BAKANI KEALO TSWE', '71357045', 'MERCEDES BENZ C180', 'B 487 BAW', 'MERCEDES 775 IRIDIUMSILBER MET STD HBM 01396 DECK 87', '350ML', 437.32, 1, 7),
(129, '2022-09-13', 'LOVESON COMPANY', '2412030', 'MAZDA', 'B 229 BLF', 'MAZDA 32S GALAXY GREY MET STD', '1500ML', 1839.01, 1, 7),
(130, '2022-09-13', 'MR ABRAHAM MOATSWI', '72823751', 'VW TROUVAN', 'B 458 BRK', 'AUDI LB9A CORTINAWEISS STD HB S 0490 DECK 13', '350ML', 307.01, 1, 7),
(131, '2022-09-14', 'MS MOSARWE', '75139204', 'VW CITI GOLF', 'B 709 AEW', 'VW/AUDI AUSTRALIA  LB9A CANDYWEISS STD', '2500', 2193.73, 1, 7),
(132, '2022-09-16', 'NALEDI MOTORS ', '2413602', 'MERCEDES BENZ 963', 'B 500 BLG', 'MERCEDES 149 POLARWEISS S/R  HBS 0523 DECK 13', '800ML', 702.73, 1, 7),
(133, '2022-09-19', 'NICOLAS PRETORIUS', '75900541', 'TOYOTA HILUX ', 'B 370 AUX ', 'TOYOTA  AUSTRALIA  040 SUPER WHITE L PU', '350ML', 307.84, 1, 7),
(134, '2022-09-20', 'MOTOR  HOLDINGS', '2416505', 'HAVAL ', 'B 799 BGP', 'HBM 61934 DECK 72', '300ML', 274.58, 1, 7),
(135, '2022-09-21', 'ADD FOCUS PTY LTD', '71975084', 'NISSAN NV 350', 'B 194 AZI', 'TOYOTA 058 WHITE PU', '4000ML', 3519.77, 1, 7),
(136, '2022-09-23', 'MP MINING', '71446521', 'FORD RANGER', 'B 633 BFP', 'FORD 7VTA FROZEN WHITE S/R HBS 1451 DECL SA1', '1000ML', 880.14, 1, 7),
(137, '2022-09-23', 'MR A CHENGETA', '74374861', 'MERCEDES BENZ', 'B 978 BMY', 'MERCEDES 1798 SANIDINBEIGE MET S/R', '400ML', 561.47, 1, 7),
(138, '2022-09-24', 'BARLOWORLD', '2412323', 'FORD RANGER', 'B 367 BPO', 'FORD  2431C MOONDUST SILVER MET S/R    HB M 0707 DECK 34', '1000ML', 1489.24, 1, 7),
(139, '2022-09-24', 'SECURED HOLDINGS', '71611886', 'NISSAN NP 300', 'B 141 BKF', 'NISSAN  QM1 POLAR WHITE - D', '3000ML', 2640.65, 1, 7),
(140, '2022-09-27', 'BARLOWORLD', '2412323', 'FORD RANGER ', 'B 723 BRK', 'FORD 7VTAWWA FROZEN WHITE STD', '200ML', 175.92, 1, 7),
(141, '2022-09-27', 'MRS ALICE DEMA', '71301698', 'MERCEDES BENZ 4 MATIC', 'B 844 BEH', 'MERCEDES 775 IRIDIUMSILBER MET STD', '200ML', 249.89, 1, 7),
(142, '2022-09-28', 'DITHATEGO ZAMBO', '75149892', 'TOYOTA HILUX  ', 'B 440 AYX', 'TOYOTA 040 SUPER WHITE S/R', '3000ML', 2637.33, 1, 7),
(143, '2022-09-29', 'MARTIN VUBU', '72333106', 'TOYOTA HILUX', 'B 759 BME', 'TOYOTA   040  SUPER  WHITE S/R HBS 0376 DECK 9', '1000ML', 879.11, 1, 7),
(144, '2022-09-29', 'MARTIN VUBU', '72333106', 'TOYOTA HILUX ', 'B 440 AYX', '', '200ML', 175.82, 1, 7),
(145, '2022-10-05', 'HIGH GRADE MOTORS ', '2412030', 'TOYOTA HILUX ', 'B ', 'TOYOTA AUSTRALIA 040 SUPER WHITE L PU', '3500ML', 3078.42, 1, 7),
(146, '2022-10-05', 'MAFEFE MAFEFE', '71454545', 'TOYOTA C -HR', 'B 902 BLF', 'HB M 31438 FIRST COAT  DECK MA4', '750ML', 1501.98, 1, 7),
(147, '2022-10-05', 'MAFEFE MAFEFE', '71454545', 'TOYOTA C - HR', 'B', 'HB M 31438 SECOND COAT DECK MA4', '750ML', 351.1, 1, 7),
(148, '2022-10-06', 'MR MOTSHEGETSI CHILALU', '71857986', 'TOYOTA HILUX', 'B 431 AZG', 'TOYOTA  1C0  SILVER  MET STD HB M 01184 DECK 79', '2000ML', 2807.04, 1, 7),
(149, '2022-10-06', 'MRS KAJANE', '72796729', 'TOYOTA COROLLA', 'B 490 BEN', 'TOYOTA 040 SUPER WHITE  S/R', '700ML', 615.38, 1, 7),
(150, '2022-10-07', 'TOYOTA  PHARMACY', '73668752', 'ISUZU DMAX  250', 'B 992 BPI', 'GM / OPEL GB0 MINERAL BLACK MET STD HBM 91032 DECK 101', '500ML', 716.42, 1, 7),
(151, '2022-10-07', 'HIGH GRADE MOTORS ', '241203', '', '', '', '', 0, 1, 7),
(152, '2022-10-07', 'HIGH GRADE MOTORS ', '2412030', 'GD6', 'B', 'TOYOTA AUSTRALIA 040 SUPER WHITE L PU', '1000ML', 879.55, 1, 7),
(153, '2022-10-10', 'MR MOTSHEGETSI CHILALU', '71857986', 'TOYOTA HILUX ', 'B 431 AZG', 'TOYOTA 1CO SILVER MET ', '2000L', 3508.8, 1, 7),
(154, '2022-10-11', 'HYPROP', '2440161', 'ISUZU KB 250', 'B 175 BDD', 'GM/ OPEL GAZ OLYMPIC WHITE  PU ', '1000ML  HB S 8270 DECK SA5', 881.05, 1, 7),
(155, '2022-10-11', 'HYPROP', '2440161', 'ISUZU KB 250', 'B 175 BDD', 'GM /OPEL GAZ OLYMPIC WHITE PU', '2000ML HB S 8270 DECK SA5', 1762.1, 1, 7),
(156, '2022-10-11', 'MR MOTSHEGETSI CHILALU', '71857986', 'TOYOTA HILUX', 'B 431 AZG', 'TOYOTA  1CO SILVER MET STD', '2500ML HBM 01184 DECK 79', 3508.8, 1, 7),
(157, '2022-10-12', 'SCANIA  BOTSWANA', '77108154', 'FORD RANGER', 'B 797 BHN', 'FORD 7VTA FROZEN WHITE S/R  ', '750ML', 660.1, 1, 7),
(158, '2022-10-13', 'G4S SECURITY', '2412384', 'TOYOTA HILUX ', 'B 355 AYU', 'TOYOTA 040 SUPER WHITE S/R HB S 0736 DECK 9', '1200ML', 1054.93, 1, 7),
(159, '2022-10-13', 'MP MINING', '71446521', 'NISSAN NP 300', 'B 999 BNY', 'HB S 0484 DECK 13', '1000ML', 879.94, 1, 7),
(160, '2022-10-13', 'FAKUTO INVESTMENT', '71258276', 'TOYOTA HILUX GD6 LEGEND 50', 'B 971 BLH', 'TOYOTA 3T6 CRIMSON SPARK RED MET 3C STD', '1000ML HBM 31103 / DECK 92  FIRST  COAT', 2002.64, 1, 7),
(161, '2022-10-13', 'FAKUTO  INVESTMENT ', '71258276', 'TOYOTA HILUX GB6 LEGEND 50', 'B 971 BLH', 'TOYOTA 3T6 CRIMSON SPARK RED MET 3C STD HB M 31103 DECK 92', '1500ML ', 591.41, 1, 7),
(162, '2022-10-15', 'NTT NISSAN', '2412380', 'NISSAN NP 2OO', 'NEW', 'NISSAN QM1 POLAR WHITE S/R', '200ML', 175.99, 1, 7),
(163, '2022-10-18', 'NALEDI MOTORS ', '2413602', 'MERCEDES BENZ [BUMPER]', 'B ', 'MERCEDES 149 POLRWEISS S/R', '400ML', 352.11, 1, 7),
(164, '2022-10-18', 'NALEDI MOTORS', '2413602', 'MERCEDES BENZ [BUMPER]', 'B ', 'MERCEDES 149  POLARWEISS S/R', '400ML', 352.11, 1, 7),
(165, '2022-10-18', 'MR LEAGO GABOELETSWE', '71929343', 'NISSAN NAVARA', 'B 135 BRB', 'NISSAN KY5 TECHNO GREY MET -G HB M 7738 DECK 64', '1000ML', 1370.06, 1, 7),
(166, '2022-10-18', 'MR METSING', '71613532', 'FORD RANGER ', 'B 909 BMW', 'FORD 5R SABER MET 3C S/R HB M 2885 DECK MA7  [FIRST COAT]', '800ML', 1663.07, 1, 7),
(167, '2022-10-18', 'MR METSING', '71613532', 'FORD RANGER', 'B 909 BMW', 'FORD 5R SABER MET 3C S/R  HB M 2885 DECK MA7 [SECOND COAT]', '1000ML', 588.06, 1, 7),
(168, '2022-10-20', 'BARLOWORLD', '2412323', 'FORD RANGER', 'B 696 BRH', 'FORD 7VTA FROZEN WHITE S/R HB S 1451 DECK SA1', '350ML', 308.05, 1, 7),
(169, '2022-10-20', 'ONALENNA MAKWATI', '73828283', 'NISSAN NP 300', 'B 709 BDX ', 'NISSAN Q1 POLAR WHITE', '350ML', 307.69, 1, 7),
(170, '2022-10-21', 'SHELTON COMPANY', '2412030', 'TOYOTA HILUX', 'B', 'TOYOTA 1E7 SILVER MET S/R  HB M 0695 DECK 34', '500ML', 717.36, 1, 7),
(171, '2022-10-21', 'NTT NISSAN', '2412380', 'TOYOTA HILUX', 'B 339 BKR', 'TOYOTA 040 SUPER WHITE S/R DECK  9', '350ML', 307.69, 1, 7),
(172, '2022-10-21', 'MR K  MBENGE', '71723060', 'MERCEDES BENZ', 'B 154 AWN', 'MERCEDES 988 DIAMANTSILBER MET D S/R', '2000ML', 2889.62, 1, 7),
(173, '2022-10-22', 'NALEDI  MOTORS', '2413602', 'FUSO TRUCK ', 'BX 207407', 'HB S 0145 DECK 1', '350ML', 306, 1, 7),
(174, '2022-10-22', 'CONTINENTAL MOTORS', '2412202', 'MERCEDES BENZ', 'B 603 ALG', 'MERCEDES 960 ALABASTERWEISS S/R', '750ML', 658.37, 1, 7),
(175, '2022-10-27', 'HIGH GRADE MOTORS', '2412030', 'FORD FIESTA ', 'B 916 BJO', 'FORD 7VTAWWA FROZEN WHITE  D/ HBS 2273 DECK SA4', '3500ML', 3077.02, 1, 7),
(176, '2022-10-27', 'MAFEYA MAFEYA', '72302397', 'TOYOTA  COROLLA', 'B 825 AYB', 'TOYOTA    AUSTRALIA 040 SUPER WHITE- L- PU', '3000ML', 2638.65, 1, 7),
(177, '2022-10-27', 'HIGHGRADE MOTORS', '2412030', 'FORD FIESTA', 'B 916 BJO', 'FROZEN 7VTA FROZEN WHITE -D HBS 2273 DECK SA4', '1000ML', 879.15, 1, 7),
(178, '2022-10-27', 'G4S SECURITY', '2412412', 'TOYOTA HILUX', 'B 975 BCB', 'TOYOTA 040 SUPER WHITE S/R HBS 0376 DECK 9', '1000ML', 879.11, 1, 7),
(179, '2022-10-28', 'UNITRANS COMPANY', '2412030', 'SCANIA TRUCK', 'B 945 BRV ', 'TOYOTA 040 SUPER WHITE S/R HB S 0376 DECK 9', '1000ML', 879.11, 1, 7),
(180, '2022-10-31', 'SIPHO MALAZI', '71484703', 'TOYOTA  HILUX ', 'B 801 BMI', 'TOYOTA AUSTRALIA 040 SUPER WHITE - L- PU ', '3000ML', 2638.65, 1, 7),
(181, '2022-11-02', 'SIPHO MALAZI', '71484703', 'TOYOTA HILUX', 'B 801 BMI', 'TOYOTA  AUSTRALIA 040 SUPER WHITE L - PU ', '1000ML', 879.55, 1, 7),
(182, '2022-11-02', 'MR NTSHIAMISANG', '71380083', 'MERCEDES BENZ ', 'B 939 ATN', 'MERCEDES 650 CALCITWEISS -Y   [ HB S 0396 DECK 1]', '750ML', 659.68, 1, 7),
(183, '2022-11-02', 'BARLOWORLD MOTORS', '2412323', 'FORD RANGER ', 'B 279 BRO ', 'FORD 6DYEWWA SEA GREY MET - PU / HB M 7785 DECK 65 ', '200ML', 152.41, 1, 7),
(184, '2022-11-05', 'BARLOWORLD MOTORS', '2412323', 'FORD FIGO', 'B 819 BPH', 'FORD HKQEWHA CANYON RIDGE PEARL MET STD / HB M 310420 DECK 103 ', '500ML', 308.44, 1, 7),
(185, '2022-11-05', 'HIGH GRADE MOTORS ', '2412030', 'TOYOTA HILUX ', 'B ', 'TOYOTA AUSTRALIA 040 SUPER WHITE  L - PU ', '500ML', 439.77, 1, 7),
(186, '2022-11-05', 'BARLOWORLD MOTORS', '2412323', 'FORD RANGER ', 'B 279 BRO', 'FORD 6DYEWWA SEA GREY MET - PU ', '350ML', 266.71, 1, 7),
(187, '2022-11-08', 'MAFEYA  MAFEYA', '72302397', 'VW POLO', 'B 690 BRD', 'VOLKSWAGEN LA7W REFLEXSILBER MET STD / HB M 01412 DECK 93', '300ML', 432.32, 1, 7),
(188, '2022-11-08', 'MR BONYONGO', '71846155', 'TOYOTA  HILUX', 'B 234 B LZ', 'TOYOTA 040 SUPER WHITE S/R HB S 0376 DECK 9', '2500ML', 2197.78, 1, 7),
(189, '2022-11-08', 'BARLOWORLD MOTORS ', '2412323', 'FORD RANGER ', 'B 167 BRL', 'FORD 7VTA FROZEN WHITE S/R  /HB S 1451 DECK SA1', '200ML', 176.03, 1, 7),
(190, '2022-11-08', 'BARLOWORLD MOTORS', '2412323', 'FORD RANGER ', 'B 167 BRL', 'FORD 7VTA FROZEN WHITE  S/R HB S 1451 DECK SA1', '200ML', 176.03, 1, 7),
(191, '2022-11-10', 'SHELTON COMPANY', '2412030', 'TOYOTA ', 'B ', 'TOYOTA 1E7 SILVER MET S/R', '500ML', 717.36, 1, 7),
(192, '2022-11-10', 'MR  CHIVARA ', '76897180', 'HILUX GD6', 'B 848 BFT', 'TOYOTA 040 SUPER WHITE S/R HB S 0376 DECK 9 ', '400ML', 351.64, 1, 7),
(193, '2022-11-11', 'FAKUTO INVESTENTS', '71258276', 'MERCEDES BENZ SPRINTER', 'B 314 BGY', 'HB S 0512 DECK 13', '600ML', 526.82, 1, 7),
(194, '2022-11-11', 'CHIVARA TRANSPORT', '71897180', 'TRUCK', 'B 724 BBF', 'MERCEDES 650 CALCITWEISS S/R /HB S 2306 DECK SA4', '3500ML ', 3052.39, 1, 7),
(195, '2022-11-11', 'SYCHRONISE COMPANY', '75520617', 'MAZDA', 'B ', 'MAZDA  A4D ARCTIC WHITE CLE STD / HB S 0520 DECK 13 ', '500M L', 439.95, 1, 7),
(196, '2022-10-10', ' COROLLA', '2412030', 'WHEELS/  CITI GOLF,COROLLA ,HILUX ', 'B ', 'FINE ALUMINIUM [746-A ]', '151.2', 98.8, 1, 7),
(197, '2022-11-11', 'BONANG AMOS ', '72437832', 'MERCEDES BENZ ', 'B 994 BPH ', 'MERCEDES  650 CALCITWEISS STD ', '1000ML', 872.27, 1, 7),
(198, '2022-11-12', 'GARE VISION', '72654287', 'TOYOTA FORTUNER', 'B 801 BJL', 'TOYOTA 040 SUPER WHITE S/R ', '1000ML', 879.11, 1, 7),
(199, '2022-11-15', 'MOJANAGA', '74148149', 'TOYOTA  LANDCRUISER', 'B 880 BHG ', 'TOYOTA 040 SUPER WHITE S/R //HB S 0376 DECK 9', '500ML', 439.56, 1, 7),
(200, '2022-11-15', 'NTT NISSAN', '2412380', 'NISSAN NP 300', 'B 192 BLW', 'HB S 0484 DECK 13', '300ML', 263.98, 1, 7),
(201, '2022-11-16', 'MR MOSWEU', '73409095', 'TOYOTA COROLLA ', 'B 383 AMN', 'TOYOTA 4P9 GRAYISH BROWN MET STD / HB M 11060 DECK 19', '400ML', 565.09, 1, 7),
(202, '2022-11-16', 'BARLOWORLD MOTORS ', '2412323', 'FORD RANGER', 'B 888 BLE', 'FORD 5 FROZEN WHITE- D /HB S 2273 DECK SA4', '500ML', 439.57, 1, 7),
(203, '2022-11-16', 'BARLOWORLD MOTORS', '2412323', 'FORD RANGER', 'B 915 BLE ', 'FORD 7VTA FROZEN WHITE S/R  / HB S 1451 DECK SA1', '750ML', 660.1, 1, 7),
(204, '2022-11-16', 'MOTOR HOLDINGS ', '2416505', 'ISUZU ', 'B ', 'GM /OPEL GAZ OLYMPIC WHITE  -L S/R = HB S 0372 DECK 9', '150ML', 132.12, 1, 7),
(205, '2022-11-17', 'NTT NISSAN ', '2412380', 'NISSAN NAVARA', 'B 367 BPJ', 'NISSAN KBY GREY MET STD / HB M 2913 MA13', '750ML', 912.03, 1, 7),
(206, '2022-11-18', 'NTT NISSAN', '2412380', 'NISSAN QASHQA1', 'B 611 BMZ ', 'NISSAN NAJ ALIZARIN CRIMSON MET 3C S/R HB M 31175 DECK 92 FIRST COAT  ', '400ML', 801.05, 1, 7),
(207, '2022-11-18', 'NTT NISSAN ', '2412380', 'NISSAN QASHQA1', 'B 611 BMZ ', 'NISSAN NAJ ALIZARIN CRIMSON MET 3C S/R HB M 31175  DECK 92 SECOND COAT ', '400ML', 171.98, 1, 7),
(208, '2022-11-18', 'MR MASOLE ', '73573434', 'FORD  RANGER ', 'B 352 AYC ', 'HB S 0459 DECK 3 ', '750ML', 660.05, 1, 7),
(209, '2022-11-18', 'MR K MBENGE ', '71723060', 'MERCEDES BENZ ', 'B 154 AWN', 'MERCEDES 988 DIAMANTSILBER  MET - D S/R HB M 41029 DECK MA14 ', '1500ML', 2167.22, 1, 7),
(210, '2022-11-21', 'MR MBENGE ', '71723060', 'MERCEDES BENZ', ' B 154 AWN', 'MERCEDES 988 DIAMANTSILBER MET - D S/R  / HB M 41029 DECK MA15 ', '700ML', 1011.37, 1, 7),
(211, '2022-11-22', 'ADD FOCUS ', '71975084', 'FORD RANGER ', 'B 268 BMI', 'FORD 7VTA FROZEN WHITE S/R HB S 1451 DECK SA1 ', '1000ML', 880.14, 1, 7),
(212, '2022-11-22', 'ME ITUMELENG GEORGE ', '71604038', 'TOYOTA HILUX ', 'B 483 BPK', 'TOYOTA 040 SUPER WHITE S/R /  HB S 0376 DECK 9 ', '700ML', 615.38, 1, 7),
(213, '2022-11-23', 'BARLOWORLD ', '2412323', 'FORD RANGER ', 'B 911 BLE ', 'FORD 7VTA FROZEN WHITE S/R - HB M 41029 DECK 9 ', '700ML', 882.16, 1, 7),
(214, '2022-11-23', 'HGM ', '2412330', 'HONDA ', 'B 333 RED', 'HB S 3102 [SECOND OPTION] DECK 9 ', '150ML', 1.28, 1, 7),
(215, '2022-11-23', 'MR MATSEKA', '71624206', 'TOYOTA FORTUNER ', 'B 992 BNE', 'TOYOTA 1D6 SILVER SKY MET - Y / HB M 01112 DECK 18 ', '350ML', 467.58, 1, 7),
(216, '2022-11-24', 'MR MOSWEU ', '73409095', 'SPOILER FOR COROLLA', 'B 383 AMN ', 'TOYOTA 4P9 GRAYISH BROWN MET STD / HB M 11060 DECK 19 ', '150ML ', 211.91, 1, 7),
(217, '2022-11-24', 'NTT NISSAN ', '2412380', 'NISSAN QASHQA1', 'NEW ', 'NISSAN RCF CANDY BLUE MET 3C STD / HB M 2947 DECK MA13 [FIRST COAT ]', '200ML', 116.99, 1, 7),
(218, '2022-11-24', 'NTT NISSAN ', '2412380', 'NISSAN QASHQA1', 'NEW ', 'NISSAN  RCF CANDY BLUE MET 3C STD / HB M 2974 DECK  MA13 [SECOND COAT]', '200ML', 282.1, 1, 7),
(219, '2022-11-25', 'MR MOJURU', '71454526', 'PRADO ', 'B 675 BFG', 'TOYOTA 1D4 SILVER ASH MET STD / HB M 0716 DECK 34 ', '200ML', 170.45, 1, 7),
(220, '2022-11-26', 'SIENTA HOLDINGS', '77653141', 'TOYOTA HILUX', 'B 435 BPB', 'TOYOTA 4R8 ORANGE MET S/R HB M 4954 DECK MA10', '1500ML', 718.35, 1, 7),
(221, '2022-11-28', 'HONDA ', '2412030', 'HONDA  FIT', 'B133 RED', 'HB S 3386 DECK 14', '200ML', 3.2, 1, 7),
(222, '2022-11-30', 'BOB MFETANE ', '72616022', 'TOYOTA COROLLA', 'B 496 ANI', 'SUBARU 1F7 CLASSIC SILVER MET S/R  / HB M 31471 DECK MA4', '2000ML', 2957.33, 1, 7),
(223, '2022-11-30', 'NALEDI  MOTORS ', '2413602', 'MERCEDES BENZ ', 'B 403 BOF', 'MERCEDES 149 POLARWEISS S/R HB S 0523 DECK 13 ', '1500ML', 1317.62, 1, 7),
(224, '2022-12-02', 'MR BENJAMIN RANAMA', '74290314', 'FORD RANGER', 'B 365 BMP', 'FORD 7VTA  FROZEN WHITE S/R HB S DECK SA1', '1000ML', 880.14, 1, 7),
(225, '2022-12-02', 'SENTA HOLDINGS', '77653141', 'TOYOTA GD6 HILUX ', 'B 435 BPB ', 'TOYOTA 4R8 ORANGE MET S/R  HB M 4954 DECK MA 10 ', '250ML ', 119.73, 1, 7),
(226, '2022-12-05', 'ISRAEL', '71708558', 'FORD RANGER ', ' B 478 BOV ', 'HB M 0707 DECK 34 ', '800ML', 1191.4, 1, 7),
(227, '2022-12-05', 'GODFREY SMILE', '71629450', 'TOYOTA FOTUNER ', 'B 148 BEE', 'TOYOTA 1D6 SILVER SKY MET - Y  /HB  M 01112  DECK 18', '1100ML', 1469.55, 1, 7),
(228, '2022-12-06', 'MR TIHALOSANG TIMOTHY', '71736999', 'TOYOTA HILUX ', 'B 391 AKB ', 'TOYOTA AUSTRLIA 040 SUPER WHITE - STD ', '1000ML', 879.6, 1, 7),
(229, '2022-12-07', 'BARLOWORLD ', '2412323', 'FORD RANGER ', 'B 869 BLE ', 'FORD 7VTA FROZEN WHITE S/R /  HB S 1451 DECK SA1 ', '700ML', 616.1, 1, 7),
(230, '2022-12-07', 'MR  NORMAN  MASOLE ', '73543434', 'FORD RANGER ', 'B 356 AYC ', 'HB S 0459 DECK 3 ', '700ML ', 616.64, 1, 7),
(231, '2022-12-08', 'REFILWE MUZILA ', '71893383', 'NISSAN  SENTRA ', 'B 485 AYY', 'NISSAN NAH FORCE RED MET - PU / HB M 3869 DECK 44 ', '1500ML  [X332 -R ] WAS SHORT WITH A QUANTITY OF ;219.6  ACTUALLY QUANTITY WAS = 631.6 ', 769.07, 1, 7),
(232, '2022-12-09', 'NTT ISSAN ', '2412380', 'NISSAN CANOPY', 'B ', 'NISSAN AX6 RED S/R HB S 3080 DECK 5 [SECOND OPTION]', '650ML', 10.9, 1, 7),
(233, '2022-12-09', 'NORTH EAST DISTRICT COUNCIL ', '2489242', 'FORD RANGER ', 'B 734 AZH', 'HB S 2317 DECK SA4', '650ML', 570.57, 1, 7),
(234, '2022-12-09', 'VUYISWA MNGQIBISA', '74648240', 'VW POLO ', 'B 412 BFE ', 'VOLKSWAGEN LC9A PURE WHITE S/R - HBS 1463 DECK SA1 ', '600ML', 527.73, 1, 7),
(235, '2022-12-10', 'REFILWE MUZILA', '71893383', 'NISSAN SA ENTR', '', '', '', 0, 1, 7),
(236, '2022-12-10', 'MR MOJURU', '71893383', 'PRADO', 'B 675 BFG', 'TOYOTA 1D4 SILVER ASH MET STD - HB M 0716 DECK 34 ', '150ML', 127.84, 1, 7),
(237, '2022-12-13', 'FARAI  NYAMUGARA', '75615386', 'CHEVROLET AVEO', 'B 258 AVR', 'GM OPEL GAN SWITCHBLADE SILVER MET STD ', '350ML', 463.78, 1, 7),
(238, '2022-12-13', 'KILLER ', '00263773538781', 'BMW ', 'AEF 6100', 'HB S 0472  DECK 13', '350ML', 307.03, 1, 7),
(239, '2022-12-13', 'NTT NISSAN ', '2412380', 'NISSAN NP 300', 'B 505 BPU', 'NISSAN AUSRALIA QM1 WHITE - R', '1000ML', 879.08, 1, 7),
(240, '2022-12-13', 'REFILWE MUZILA', '71893383', 'NISSAN SENTRA ', 'B 485 AYY', 'NISSAN NAH FORCE RED MET - PU / HB M 3869 DECK 44 ', '150ML', 76.91, 1, 7),
(241, '2022-12-14', 'MR K BADIRWANG ', '73004470', 'FORD RANGER ', 'B 930 BHX ', 'FORD 7VTA FROZEN WHITE S/R - HB S 1451 SA1', '350ML', 308.05, 1, 7),
(242, '2022-12-15', 'THATO TABANE', '74224160', 'FORD RANGER ', 'B 789 BHP', 'FORD FK DIFFUSED SILVER MET STD - HB M 01609 DECK 100', '1000ML', 1348.5, 1, 7),
(243, '2022-12-16', 'MR L NGWENYA ', '74649797', 'TOYOTA  HILUX ', ' B 779 BFC', 'TOYOTA 040 SUPER WHITE S/R', '550ML', 483.51, 1, 7),
(244, '2022-12-16', 'BOIKHUTSO  MBENGE ', '72534021', 'TOYOTA RUNX ', 'B 927 ASR', 'TOYOTA 199 SILVER MET S/R - HB M 0710 DECK 34', '1800ML', 2693.56, 1, 7),
(245, '2022-12-17', 'GODFREY SMILE', '71629450', 'TOYOTA  FORTUNER ', 'B 148 BEE', 'TOYOTA 1D6 SILVER SKY MET  -Y  HB M 01112 DECK 18', '200ML', 267.19, 1, 7),
(246, '2022-12-20', 'MRS DANIEL', '71631833', 'MERCEDES BENZ ', 'B 142 ASA ', 'MERCEDES 650 CALCITWEISS SR  HB S 2306 DECK SA4 ', '1500ML', 1308.17, 1, 7);

-- --------------------------------------------------------

--
-- Table structure for table `order_item`
--

CREATE TABLE `order_item` (
  `order_item_id` int(11) NOT NULL,
  `order_id` int(11) NOT NULL DEFAULT '0',
  `product_id` int(11) NOT NULL DEFAULT '0',
  `quantity` varchar(255) NOT NULL,
  `order_item_status` int(11) NOT NULL DEFAULT '0'
) ENGINE=InnoDB DEFAULT CHARSET=latin1;

--
-- Dumping data for table `order_item`
--

INSERT INTO `order_item` (`order_item_id`, `order_id`, `product_id`, `quantity`, `order_item_status`) VALUES
(1, 1, 66, '1049.1', 2),
(2, 1, 4, '200', 2),
(3, 2, 66, '1049.1', 2),
(4, 2, 4, '200', 2),
(5, 3, 56, '600', 2),
(6, 4, 45, '1049.1', 1),
(7, 4, 52, '81.9', 1),
(8, 4, 51, '19.1', 1),
(9, 4, 55, '3.4', 1),
(16, 5, 45, '', 1),
(17, 5, 22, '', 1),
(18, 5, 49, '', 1),
(35, 6, 62, '', 1),
(36, 6, 75, '', 1),
(37, 6, 60, '', 1),
(38, 6, 23, '', 1),
(39, 6, 64, '', 1),
(40, 6, 46, '', 1),
(41, 6, 36, '', 1),
(42, 6, 38, '', 1),
(49, 8, 1, '1', 2),
(50, 10, 32, '1', 2),
(57, 12, 95, '10', 2),
(58, 12, 20, '10', 2),
(94, 16, 62, '378.1', 1),
(95, 16, 75, '70.7', 1),
(96, 16, 60, '65.8', 1),
(97, 16, 23, '18.1', 1),
(98, 16, 64, '13.2', 1),
(99, 16, 46, '9.9', 1),
(100, 16, 36, '8.2', 1),
(101, 16, 38, '6.1', 1),
(113, 17, 61, '282.3', 1),
(114, 17, 61, '42.2', 1),
(115, 17, 64, '2.4', 1),
(116, 17, 23, '1.4', 1),
(117, 17, 46, '1', 1),
(118, 17, 24, '0.3', 1),
(119, 19, 95, '647.1', 1),
(120, 19, 5, '1.7', 1),
(121, 19, 94, '0.8', 1),
(122, 19, 19, '0.1', 1),
(133, 18, 61, '282.3', 1),
(134, 18, 60, '42.3', 1),
(135, 18, 64, '9.5', 1),
(136, 18, 23, '1.4', 1),
(137, 18, 46, '1.7', 1),
(138, 18, 24, '0.3', 1),
(147, 20, 95, '847.8', 1),
(148, 20, 94, '2.8', 1),
(149, 20, 1, '1.7', 1),
(150, 20, 16, '0.6', 1),
(151, 20, 19, '0.4', 1),
(158, 21, 72, '399.5', 1),
(159, 21, 33, '79.9', 1),
(160, 21, 29, '46.6', 1),
(161, 21, 64, '36.0', 1),
(162, 21, 61, '6.7', 1),
(163, 21, 32, '2.7', 1),
(164, 15, 60, '297.6', 1),
(165, 15, 61, '203.5', 1),
(166, 15, 48, '113.9', 1),
(167, 15, 31, '24.3', 1),
(168, 15, 64, '22.8', 1),
(169, 15, 39, '16.7', 1),
(170, 15, 22, '12.1', 1),
(171, 15, 32, '10.6', 1),
(172, 15, 47, '6.1', 1),
(173, 15, 33, '4.6', 1),
(174, 15, 30, '0.6', 1),
(178, 7, 72, '332.9', 1),
(179, 7, 33, '66.6', 1),
(180, 7, 29, '7', 1),
(181, 7, 64, '30.0', 1),
(182, 7, 60, '5.5', 1),
(183, 7, 32, '2.2', 1),
(184, 13, 95, '832.1', 1),
(185, 13, 5, '1.3', 1),
(186, 13, 94, '0.9', 1),
(265, 22, 63, '80', 1),
(266, 22, 62, '98.3', 1),
(267, 22, 46, '116.2', 1),
(268, 22, 79, '131.6', 1),
(269, 22, 47, '137.0', 1),
(270, 22, 23, '142.1', 1),
(271, 22, 26, '143.5', 1),
(272, 22, 48, '143.8', 1),
(273, 22, 47, '2.1', 1),
(274, 22, 25, '1.5', 1),
(281, 23, 72, '266.3', 1),
(282, 23, 33, '319.6', 1),
(283, 23, 29, '350.6', 1),
(284, 23, 64, '374.6', 1),
(285, 23, 60, '379.0', 1),
(286, 23, 32, '380.8', 1),
(287, 24, 95, '237', 1),
(288, 25, 95, '237.3', 1),
(289, 25, 1, '237.5', 1),
(290, 25, 11, '237.6', 1),
(291, 25, 16, '237.8', 1),
(292, 25, 94, '237', 1),
(293, 26, 95, '237.3', 1),
(294, 26, 1, '237.5', 1),
(295, 26, 11, '237.6', 1),
(296, 26, 16, '237.8', 1),
(297, 26, 94, '237.9', 1),
(298, 31, 78, '38.1', 1),
(299, 31, 39, '67.1', 1),
(300, 31, 38, '87.7', 1),
(301, 31, 66, '108.3', 1),
(302, 31, 76, '120.8', 1),
(303, 31, 40, '131.1', 1),
(304, 31, 64, '139.5', 1),
(305, 31, 48, '144.9', 1),
(306, 31, 39, '1.0', 1),
(307, 32, 1, '0', 1),
(308, 33, 95, '354.3', 1),
(309, 33, 94, '355.2', 1),
(310, 33, 1, '355.9', 1),
(311, 33, 7, '356.3', 1),
(312, 33, 16, '356.5', 1),
(313, 35, 94, '3.4', 1),
(314, 35, 12, '2.8', 1),
(315, 35, 1, '2.0', 1),
(316, 35, 16, '.4', 1),
(317, 36, 62, '94.5', 1),
(318, 36, 75, '17.7', 1),
(319, 36, 60, '16.4', 1),
(320, 36, 23, '4.5', 1),
(321, 36, 64, '3.3', 1),
(322, 36, 46, '2.5', 1),
(323, 36, 36, '2.1', 1),
(324, 36, 38, '1.5', 1),
(325, 37, 95, '584.1', 1),
(326, 37, 1, '4.0', 1),
(327, 37, 94, '4.0', 1),
(328, 37, 12, '1.0', 1),
(329, 38, 95, '1187.8', 1),
(330, 38, 94, '1188.8', 1),
(331, 38, 16, '1189.8', 1),
(332, 39, 45, '354.6', 1),
(333, 40, 88, '247.8', 1),
(334, 40, 69, '258.6', 1),
(335, 40, 80, '269.4', 1),
(336, 40, 46, '277.8', 1),
(337, 40, 47, '286.2', 1),
(338, 41, 45, '354.6', 1),
(339, 41, 22, '0.7', 1),
(340, 41, 32, '0.2', 1),
(341, 41, 52, '0.3', 1),
(342, 41, 38, '0.1', 1),
(343, 42, 95, '1186.3', 1),
(344, 42, 5, '1188.7', 1),
(345, 42, 12, '1189.2', 1),
(346, 42, 94, '1189.7', 1),
(347, 43, 45, '346.9', 1),
(348, 43, 55, '348.8', 1),
(349, 43, 51, '350.8', 1),
(350, 43, 53, '352.4', 1),
(351, 43, 22, '353.0', 1),
(352, 44, 89, '234.3', 1),
(353, 44, 81, '273.4', 1),
(354, 44, 88, '281.2', 1),
(355, 44, 77, '286.7', 1),
(356, 45, 95, '1186.8', 1),
(357, 45, 5, '1188.7', 1),
(358, 45, 94, '1189.7', 1),
(359, 46, 95, '1185.0', 1),
(360, 46, 94, '1186.8', 1),
(361, 46, 5, '1188.0', 1),
(362, 46, 7, '1188.7', 1),
(363, 46, 16, '11189.3', 1),
(364, 47, 95, '1386.4', 1),
(365, 47, 19, '1179.0', 1),
(366, 47, 14, '1184.7', 1),
(367, 47, 5, '1188.3', 1),
(368, 47, 1, '0.3', 1),
(369, 47, 94, '83.3', 1),
(370, 48, 72, '332.9', 1),
(371, 48, 33, '399.5', 1),
(372, 48, 31, '438.', 1),
(373, 49, 72, '332.9', 1),
(374, 49, 33, '399.5', 1),
(375, 49, 29, '438.3', 1),
(376, 49, 64, '468.9', 1),
(377, 49, 60, '473.8', 1),
(378, 49, 32, '476.0', 1),
(379, 50, 61, '137.6', 1),
(380, 50, 49, '76.5', 1),
(381, 50, 48, '41.3', 1),
(382, 50, 37, '24.5', 1),
(383, 50, 66, '11.5', 1),
(384, 50, 64, '5.4', 1),
(385, 50, 35, '2.3', 1),
(386, 50, 36, '1.8', 1),
(387, 50, 34, '1.7', 1),
(388, 50, 32, '0.6', 1),
(389, 50, 23, '2.3', 1),
(390, 51, 60, '2115.1', 1),
(391, 51, 62, '1518.6', 1),
(392, 51, 64, '54.2', 1),
(393, 51, 51, '54.2', 1),
(394, 51, 23, '21.7', 1),
(395, 52, 62, '232.1', 1),
(396, 52, 63, '24.4', 1),
(397, 52, 78, '14.1', 1),
(398, 52, 64, '12.1', 1),
(399, 52, 45, '2.4', 1),
(400, 52, 38, '.5', 1),
(401, 53, 95, '0', 1),
(402, 53, 1, '2.7', 1),
(403, 53, 94, '5.3', 1),
(404, 53, 16, '0.1', 1),
(405, 54, 61, '104.4', 1),
(406, 54, 60, '83.5', 1),
(407, 54, 48, '19.0', 1),
(408, 54, 78, '12.3', 1),
(409, 54, 37, '7.4', 1),
(410, 54, 64, '6.1', 1),
(411, 54, 35, '4.3', 1),
(412, 54, 59, '8', 1),
(413, 54, 65, '0.1', 1),
(414, 54, 47, '0.2', 1),
(415, 55, 62, '1149.4', 1),
(416, 55, 59, '698.4', 1),
(417, 55, 23, '15.2', 1),
(418, 55, 48, '11.2', 1),
(419, 55, 24, '9.6', 1),
(420, 56, 95, '0', 1),
(421, 56, 94, '.8', 1),
(422, 56, 16, '2.9', 1),
(423, 56, 19, '0.2', 1),
(424, 57, 72, '166.4', 1),
(425, 57, 33, '33.3', 1),
(426, 57, 29, '19.4', 1),
(427, 57, 64, '15.0', 1),
(428, 57, 60, '2.8', 1),
(429, 57, 32, '1.1', 1),
(430, 58, 95, '750.4', 1),
(431, 58, 5, '.9', 1),
(432, 58, 94, '.7', 1),
(433, 58, 7, '0.2', 1),
(434, 58, 16, '.1', 1),
(435, 58, 15, '0.1', 1),
(436, 58, 14, '15.2', 1),
(437, 58, 1, '0.4', 1),
(438, 59, 95, '0', 1),
(439, 59, 94, '7.6', 1),
(440, 59, 1, '2.5', 1),
(441, 60, 95, '591.3', 1),
(442, 60, 94, '2.0', 1),
(443, 60, 1, '1.2', 1),
(444, 60, 16, '.1', 1),
(445, 61, 48, '408.5', 1),
(446, 61, 78, '23.5', 1),
(447, 61, 40, '20.4', 1),
(448, 61, 62, '20.4', 1),
(449, 61, 31, '2.0', 1),
(450, 62, 95, '0', 1),
(451, 62, 94, '0.9', 1),
(452, 62, 1, '0.3', 1),
(453, 63, 95, '2337.1', 1),
(454, 63, 1, '22.1', 1),
(455, 63, 94, '7.8', 1),
(456, 63, 13, '3.3', 1),
(457, 63, 5, '2.1', 1),
(458, 64, 95, '0', 1),
(459, 64, 5, '2.9', 1),
(460, 64, 94, '3.1', 1),
(461, 64, 1, '2.3', 1),
(462, 65, 61, '215.3', 1),
(463, 65, 60, '168.0', 1),
(464, 65, 48, '150.7', 1),
(465, 65, 49, '57.4', 1),
(466, 65, 64, '20', 1),
(467, 65, 30, '18.7', 1),
(468, 65, 39, '14.4', 1),
(469, 65, 46, '11.1', 1),
(470, 65, 92, '2.9', 1),
(471, 65, 50, '23.9', 1),
(472, 66, 61, '182.8', 1),
(473, 66, 62, '182.8', 1),
(474, 66, 80, '62.8', 1),
(475, 66, 49, '42.5', 1),
(476, 66, 37, '3.3', 1),
(477, 66, 23, '2.8', 1),
(478, 66, 35, '0.7', 1),
(479, 67, 95, '0', 1),
(480, 67, 94, '15.3', 1),
(481, 67, 1, '5.1', 1),
(482, 68, 61, '458.7', 1),
(483, 68, 60, '141.2', 1),
(484, 68, 64, '14.1', 1),
(485, 68, 23, '2.6', 1),
(486, 68, 37, '1.1', 1),
(487, 68, 49, '.9', 1),
(488, 69, 95, '0', 1),
(489, 69, 94, '4.6', 1),
(490, 69, 1, '1.5', 1),
(491, 70, 45, '816.4', 1),
(492, 70, 22, '8.3', 1),
(493, 70, 35, '1.8', 1),
(494, 70, 53, '1.4', 1),
(495, 70, 42, '.8', 1),
(496, 71, 89, '565.1', 1),
(497, 71, 88, '93.7', 1),
(498, 71, 64, '9.8', 1),
(499, 72, 61, '352.9', 1),
(500, 72, 60, '108.6', 1),
(501, 72, 64, '10.9', 1),
(502, 72, 23, '2.0', 1),
(503, 72, 37, '.8', 1),
(504, 72, 49, '.7', 1),
(505, 73, 95, '0', 1),
(506, 73, 94, '1.8', 1),
(507, 73, 1, '0.6', 1),
(508, 74, 95, '0', 1),
(509, 74, 16, '1.4', 1),
(510, 74, 94, '0.8', 1),
(511, 74, 12, '.0.8', 1),
(512, 74, 5, '0.3', 1),
(513, 74, 17, '0.2', 1),
(514, 75, 95, '0', 1),
(515, 76, 95, '0', 1),
(516, 76, 1, '0.4', 1),
(517, 76, 94, '0.', 1),
(518, 77, 95, '0', 1),
(519, 77, 1, '0.9', 1),
(520, 77, 94, '0.4', 1),
(521, 77, 12, '0.1', 1),
(522, 78, 95, '0', 1),
(523, 78, 94, '1.5', 1),
(524, 78, 1, '0.5', 1),
(525, 79, 95, '0', 1),
(526, 79, 94, '4.6', 1),
(527, 79, 1, '1.5', 1),
(528, 80, 95, '0', 1),
(529, 80, 5, '2.1', 1),
(530, 80, 94, '1.3', 1),
(531, 80, 1, '0.06', 1),
(532, 81, 95, '876', 1),
(533, 81, 5, '.9', 1),
(534, 81, 94, '.7', 1),
(535, 81, 7, '.4', 1),
(536, 81, 16, '.1', 1),
(537, 81, 15, '0.2', 1),
(538, 81, 19, '0.1', 1),
(539, 81, 1, '0.5', 1),
(540, 82, 45, '294.4', 1),
(541, 82, 49, '.6', 1),
(542, 82, 35, '.3', 1),
(543, 83, 65, '173.4', 1),
(544, 83, 32, '30.7', 1),
(545, 83, 62, '26.0', 1),
(546, 83, 23, '8.7', 1),
(547, 83, 64, '4.3', 1),
(548, 83, 48, '3.5', 1),
(549, 83, 46, '2.6', 1),
(550, 84, 1, '2', 1),
(551, 84, 2, '1', 1),
(552, 84, 3, '1', 1),
(553, 85, 95, '992.7', 1),
(554, 85, 5, '.5', 1),
(555, 85, 94, '.4', 1),
(556, 85, 7, '.5', 1),
(557, 85, 16, '.2', 1),
(558, 85, 1, '0.9', 1),
(559, 86, 62, '341.5', 1),
(560, 86, 60, '113.8', 1),
(561, 86, 48, '83.5', 1),
(562, 86, 64, '22.8', 1),
(563, 86, 40, '19.0', 1),
(564, 86, 30, '11.4', 1),
(565, 86, 45, '11.4', 1),
(566, 86, 47, '11.4', 1),
(567, 86, 39, '5.7', 1),
(568, 86, 34, '10', 1),
(569, 86, 44, '1.6', 1),
(570, 86, 36, '0.3', 1),
(571, 86, 48, '4.6', 1),
(572, 86, 41, '0.3', 1),
(573, 86, 29, '1.2', 1),
(574, 86, 30, '0.3', 1),
(575, 86, 92, '0.3', 1),
(576, 86, 22, '0.4', 1),
(577, 86, 37, '0.5', 1),
(578, 86, 32, '0.2', 1),
(579, 86, 65, '0.3', 1),
(580, 86, 70, '0.9', 1),
(581, 86, 36, '0.3', 1),
(582, 86, 44, '1.6', 1),
(583, 87, 45, '289.1', 1),
(584, 87, 55, '1.6', 1),
(585, 87, 51, '1.6', 1),
(586, 87, 53, '1.3', 1),
(587, 87, 22, '.5', 1),
(588, 88, 95, '876.6', 1),
(589, 88, 5, '1.6', 1),
(590, 88, 94, '7.3', 1),
(591, 88, 1, '0.5', 1),
(592, 89, 95, '593.4', 1),
(593, 89, 5, '1.5', 1),
(594, 89, 94, '5.3', 1),
(595, 89, 1, '0.3', 1),
(596, 89, 16, '0.1', 1),
(597, 90, 95, '0', 1),
(598, 90, 94, '1.5', 1),
(599, 90, 1, '0.5', 1),
(600, 91, 33, '549.1', 1),
(601, 91, 74, '339.2', 1),
(602, 91, 31, '151.8', 1),
(603, 91, 69, '142.1', 1),
(604, 91, 66, '119.6', 1),
(605, 91, 32, '67.8', 1),
(606, 91, 90, '61.4', 1),
(607, 92, 95, '0', 1),
(608, 92, 16, '1.4', 1),
(609, 92, 94, '1.3', 1),
(610, 92, 12, '.4', 1),
(611, 92, 15, '0.4', 1),
(612, 93, 45, '580.0', 1),
(613, 93, 26, '4.5', 1),
(614, 93, 48, '3.1', 1),
(615, 93, 55, '2.0', 1),
(616, 93, 22, '0.6', 1),
(617, 94, 89, '394.5', 1),
(618, 94, 88, '78.9', 1),
(619, 94, 64, '3.9', 1),
(620, 95, 61, '1017.4', 1),
(621, 95, 48, '325.6', 1),
(622, 95, 65, '203.5', 1),
(623, 95, 60, '203.5', 1),
(624, 95, 64, '81.4', 1),
(625, 95, 45, '48.8', 1),
(626, 95, 23, '40.7', 1),
(627, 95, 34, '8.1', 1),
(628, 96, 8, '372.7', 1),
(629, 96, 7, '60', 1),
(630, 96, 95, '8.8', 1),
(631, 96, 94, '3.2', 1),
(632, 96, 10, '10.1', 1),
(633, 96, 11, '15.3', 1),
(634, 97, 62, '143.7', 1),
(635, 97, 59, '87.3', 1),
(636, 97, 23, '1.9', 1),
(637, 97, 48, '1.4', 1),
(638, 97, 24, '1.6', 1),
(639, 98, 95, '0', 1),
(640, 98, 1, '10.4', 1),
(641, 98, 94, '10.7', 1),
(642, 98, 11, '2.9', 1),
(643, 98, 16, '1.1', 1),
(644, 98, 19, '0.4', 1),
(645, 99, 95, '1528.2', 1),
(646, 99, 5, '10.2', 1),
(647, 99, 1, '6.3', 1),
(648, 99, 94, '4.9', 1),
(649, 99, 11, '2.0', 1),
(650, 99, 16, '1.0', 1),
(651, 99, 19, '0.3', 1),
(652, 100, 95, '0', 1),
(653, 100, 5, '2.9', 1),
(654, 100, 94, '1.4', 1),
(655, 101, 95, '1243.3', 1),
(656, 101, 5, '3.0', 1),
(657, 101, 94, '1.0', 1),
(658, 102, 95, '593.4', 1),
(659, 102, 5, '1.0', 1),
(660, 102, 94, '.5', 1),
(661, 103, 45, '591.0', 1),
(662, 104, 88, '206.5', 1),
(663, 104, 69, '9.0', 1),
(664, 104, 80, '9.0', 1),
(665, 104, 46, '7.0', 1),
(666, 104, 47, '7.0', 1),
(667, 105, 62, '150', 1),
(668, 106, 95, '593.4', 1),
(669, 106, 5, '1.0', 1),
(670, 106, 94, '.5', 1),
(671, 106, 1, '0.4', 1),
(672, 107, 61, '335.8', 1),
(673, 107, 48, '309.5', 1),
(674, 107, 59, '349.9', 1),
(675, 107, 35, '72', 1),
(676, 107, 39, '68.1', 1),
(677, 107, 47, '45.8', 1),
(678, 107, 34, '22.7', 1),
(679, 107, 23, '41.8', 1),
(680, 107, 41, '4.4', 1),
(681, 107, 32, '28.1', 1),
(682, 107, 92, '21.9', 1),
(683, 107, 36, '0.5', 1),
(684, 107, 33, '3.0', 1),
(685, 107, 57, '19.2', 1),
(686, 107, 48, '38.8', 1),
(687, 107, 90, '21.5', 1),
(688, 107, 64, '17.6', 1),
(689, 108, 95, '2960.5', 1),
(690, 108, 94, '10.0', 1),
(691, 108, 1, '2.2', 1),
(692, 108, 16, '.5', 1),
(693, 109, 60, '106.6', 1),
(694, 109, 41, '11.0', 1),
(695, 109, 59, '11.0', 1),
(696, 109, 64, '5.2', 1),
(697, 109, 48, '4.0', 1),
(698, 109, 24, '1.8', 1),
(699, 109, 20, '1.3', 1),
(700, 110, 62, '1322.1', 1),
(701, 110, 60, '416.2', 1),
(702, 110, 23, '225.2', 1),
(703, 110, 48, '166.5', 1),
(704, 110, 47, '244.6', 1),
(705, 110, 41, '18.1', 1),
(706, 111, 95, '771.4', 1),
(707, 111, 5, '1.2', 1),
(708, 111, 94, '.6', 1),
(709, 111, 1, '0.4', 1),
(710, 112, 59, '1354.9', 1),
(711, 112, 60, '802.9', 1),
(712, 112, 64, '145.5', 1),
(713, 112, 48, '30.1', 1),
(714, 112, 37, '5.0', 1),
(715, 112, 46, '4.0', 1),
(716, 113, 95, '475.1', 1),
(717, 113, 94, '.5', 1),
(718, 113, 16, '.3', 1),
(719, 113, 1, '0.3', 1),
(720, 114, 95, '0', 1),
(721, 114, 94, '3.4', 1),
(722, 114, 16, '2.4', 1),
(723, 115, 95, '1262.3', 1),
(724, 115, 1, '11.8', 1),
(725, 115, 94, '4.2', 1),
(726, 115, 10, '1.7', 1),
(727, 115, 15, '0.4', 1),
(728, 115, 5, '1.1', 1),
(729, 116, 61, '252.9', 1),
(730, 116, 60, '219.2', 1),
(731, 116, 48, '84.3', 1),
(732, 116, 64, '30.3', 1),
(733, 116, 49, '15.2', 1),
(734, 116, 35, '8.4', 1),
(735, 116, 38, '6.7', 1),
(736, 116, 65, '2.2', 1),
(737, 116, 22, '4', 1),
(738, 117, 61, '252.9', 1),
(739, 117, 60, '219.2', 1),
(740, 117, 48, '144.5', 1),
(741, 117, 64, '30.3', 1),
(742, 117, 49, '17.7', 1),
(743, 117, 35, '9.6', 1),
(744, 117, 38, '6.7', 1),
(745, 117, 65, '2.2', 1),
(746, 117, 22, '4.0', 1),
(747, 117, 21, '9.3', 1),
(748, 117, 39, '0.9', 1),
(749, 117, 34, '6.2', 1),
(750, 117, 32, '0.4', 1),
(751, 117, 92, '6.0', 1),
(752, 117, 90, '3.6', 1),
(753, 117, 45, '7.2', 1),
(754, 117, 47, '21.7', 1),
(755, 117, 78, '7.7', 1),
(756, 118, 95, '372.0', 1),
(757, 118, 94, '3.0', 1),
(758, 118, 5, '2.6', 1),
(759, 118, 1, '0.9', 1),
(760, 118, 16, '0.4', 1),
(761, 119, 61, '167.0', 1),
(762, 119, 60, '133.0', 1),
(763, 119, 48, '30.5', 1),
(764, 119, 78, '19.6', 1),
(765, 119, 37, '11.8', 1),
(766, 119, 64, '9.8', 1),
(767, 119, 35, '6.9', 1),
(768, 119, 57, '1.6', 1),
(769, 120, 66, '472.9', 1),
(770, 120, 50, '280.8', 1),
(771, 120, 35, '51.6', 1),
(772, 120, 64, '47.3', 1),
(773, 120, 78, '40.8', 1),
(774, 120, 75, '34.4', 1),
(775, 120, 37, '17.2', 1),
(776, 120, 47, '17.2', 1),
(777, 120, 72, '1.0', 1),
(778, 120, 48, '14.3', 1),
(779, 120, 26, '0.7', 1),
(780, 120, 21, '1.5', 1),
(781, 121, 95, '589.2', 1),
(782, 121, 1, '2.7', 1),
(783, 121, 94, '2.3', 1),
(784, 121, 7, '.5', 1),
(785, 121, 5, '1.6', 1),
(786, 122, 95, '0', 1),
(787, 122, 5, '4.8', 1),
(788, 122, 94, '2.4', 1),
(789, 123, 61, '158.7', 1),
(790, 123, 82, '79.3', 1),
(791, 123, 64, '15.9', 1),
(792, 123, 48, '15.9', 1),
(793, 123, 46, '7.9', 1),
(794, 123, 35, '5.8', 1),
(795, 123, 37, '3.2', 1),
(796, 123, 20, '1.6', 1),
(797, 124, 95, '0', 1),
(798, 124, 94, '2.3', 1),
(799, 124, 5, '1.9', 1),
(800, 124, 1, '0.7', 1),
(801, 124, 16, '0.3', 1),
(802, 125, 95, '0', 1),
(803, 125, 5, '1.1', 1),
(804, 125, 94, '.6', 1),
(805, 126, 62, '577..0', 1),
(806, 126, 49, '187.5', 1),
(807, 126, 48, '83.2', 1),
(808, 126, 60, '68.7', 1),
(809, 126, 35, '26.0', 1),
(810, 126, 38, '1.2', 1),
(811, 126, 42, '0.2', 1),
(812, 126, 34, '1.4', 1),
(813, 126, 39, '0.8', 1),
(814, 126, 50, '0.6', 1),
(815, 126, 92, '0.8', 1),
(816, 127, 95, '0', 1),
(817, 127, 5, '121.8', 1),
(818, 127, 94, '5.4', 1),
(819, 127, 7, '4.3', 1),
(820, 128, 62, '270.8', 1),
(821, 128, 63, '28.5', 1),
(822, 128, 78, '16.4', 1),
(823, 128, 64, '14.3', 1),
(824, 128, 45, '2.9', 1),
(825, 128, 38, '.6', 1),
(826, 128, 34, '0.5', 1),
(827, 128, 39, '0.2', 1),
(828, 128, 55, '0.3', 1),
(829, 128, 23, '1.2', 1),
(830, 129, 59, '446.9', 1),
(831, 129, 47, '289.9', 1),
(832, 129, 48, '289.9', 1),
(833, 129, 60, '176.4', 1),
(834, 129, 37, '125.6', 1),
(835, 129, 74, '60.4', 1),
(836, 129, 35, '48.3', 1),
(837, 130, 95, '411.2', 1),
(838, 130, 94, '1.3', 1),
(839, 130, 1, '1.1', 1),
(840, 130, 5, '1.1', 1),
(841, 130, 11, '.7', 1),
(842, 130, 16, '.2', 1),
(843, 131, 95, '0', 1),
(844, 131, 94, '15.7', 1),
(845, 131, 5, '10.7', 1),
(846, 131, 1, '6.1', 1),
(847, 131, 11, '2.0', 1),
(848, 132, 95, '1081.1', 1),
(849, 132, 5, '1.4', 1),
(850, 132, 94, '1.1', 1),
(851, 132, 7, '.6', 1),
(852, 132, 16, '.2', 1),
(853, 132, 1, '0.4', 1),
(854, 133, 95, '0', 1),
(855, 133, 94, '0.5', 1),
(856, 133, 5, '0.5', 1),
(857, 133, 1, '0.2', 1),
(858, 133, 16, '0.1', 1),
(859, 134, 61, '125.3', 1),
(860, 134, 44, '65.7', 1),
(861, 134, 66, '55.7', 1),
(862, 134, 20, '34.8', 1),
(863, 134, 42, '9.4', 1),
(864, 134, 48, '6.3', 1),
(865, 135, 95, '0', 1),
(866, 135, 1, '24.0', 1),
(867, 135, 94, '16.0', 1),
(868, 135, 5, '4..8', 1),
(869, 135, 7, '2.4', 1),
(870, 136, 95, '0', 1),
(871, 136, 94, '1.1', 1),
(872, 136, 16, '.8', 1),
(873, 137, 60, '191.4', 1),
(874, 137, 61, '93.4', 1),
(875, 137, 48, '50.4', 1),
(876, 137, 23, '13.1', 1),
(877, 137, 46, '13.1', 1),
(878, 137, 32, '12.1', 1),
(879, 137, 49, '5.6', 1),
(880, 138, 59, '458.4', 1),
(881, 138, 60, '458.4', 1),
(882, 138, 46, '6.5', 1),
(883, 138, 48, '6.0', 1),
(884, 138, 23, '4.0', 1),
(885, 139, 95, '0', 1),
(886, 139, 1, '4.2', 1),
(887, 139, 94, '4.2', 1),
(888, 139, 13, '1.8', 1),
(889, 140, 95, '237.3', 1),
(890, 140, 1, '.2', 1),
(891, 140, 11, '.2', 1),
(892, 140, 16, '.2', 1),
(893, 140, 94, '.1', 1),
(894, 141, 62, '154.8', 1),
(895, 141, 63, '16.3', 1),
(896, 141, 78, '9.4', 1),
(897, 141, 64, '8.1', 1),
(898, 141, 45, '1.6', 1),
(899, 141, 38, '.3', 1),
(900, 142, 95, '0', 1),
(901, 142, 5, '5.7', 1),
(902, 142, 94, '2.9', 1),
(903, 143, 95, '1186.8', 1),
(904, 143, 5, '1.9', 1),
(905, 143, 94, '1.0', 1),
(906, 144, 95, '0', 1),
(907, 144, 5, '.4', 1),
(908, 144, 94, '.2', 1),
(909, 145, 95, '0', 1),
(910, 145, 94, '5.3', 1),
(911, 145, 5, '4.5', 1),
(912, 145, 1, '1.5', 1),
(913, 145, 16, '0.8', 1),
(914, 146, 45, '755.7', 1),
(915, 146, 48, '103.1', 1),
(916, 146, 30, '1.7', 1),
(917, 147, 33, '245.6', 1),
(918, 147, 85, '245.6', 1),
(919, 147, 31, '144.1', 1),
(920, 147, 64, '45..9', 1),
(921, 147, 90, '31.1', 1),
(922, 147, 49, '6.6', 1),
(923, 148, 62, '1850.9', 1),
(924, 148, 23, '19.1', 1),
(925, 148, 48, '12.8', 1),
(926, 148, 42, '8.3', 1),
(927, 148, 32, '6.4', 1),
(928, 149, 95, '851.1', 1),
(929, 149, 5, '1.3', 1),
(930, 149, 94, '.7', 1),
(931, 149, 15, '0.2', 1),
(932, 149, 1, '0.5', 1),
(933, 149, 2, '0.1', 1),
(934, 150, 48, '290.6', 1),
(935, 150, 37, '63.2', 1),
(936, 150, 50, '63.2', 1),
(937, 150, 40, '16.4', 1),
(938, 150, 78, '12.6', 1),
(939, 150, 62, '12.6', 1),
(940, 150, 88, '10.1', 1),
(941, 150, 64, '7.6', 1),
(942, 150, 92, '0.5', 1),
(943, 152, 95, '1186.0', 1),
(944, 152, 94, '1.5', 1),
(945, 152, 5, '1.3', 1),
(946, 152, 1, '0.4', 1),
(947, 152, 16, '0.2', 1),
(948, 153, 62, '2313.7', 1),
(949, 153, 23, '23.9', 1),
(950, 153, 48, '16.0', 1),
(951, 153, 42, '10.4', 1),
(952, 153, 32, '8.0', 1),
(953, 154, 95, '0', 1),
(954, 154, 94, '3.9', 1),
(955, 154, 1, '2.0', 1),
(956, 155, 95, '0', 1),
(957, 155, 94, '7.9', 1),
(958, 155, 1, '3.9', 1),
(959, 156, 62, '2313.7', 1),
(960, 156, 23, '23.9', 1),
(961, 156, 48, '16.0', 1),
(962, 156, 42, '10.4', 1),
(963, 156, 32, '8.0', 1),
(964, 157, 95, '0', 1),
(965, 157, 94, '.8', 1),
(966, 157, 16, '.9', 1),
(967, 157, 19, '0.2', 1),
(968, 158, 95, '0.5', 1),
(969, 158, 5, '2.3', 1),
(970, 158, 94, '1.1', 1),
(971, 159, 95, '0', 1),
(972, 159, 1, '3.8', 1),
(973, 159, 94, '3.3', 1),
(974, 159, 11, '1.5', 1),
(975, 159, 16, '.7', 1),
(976, 159, 19, '0.3', 1),
(977, 160, 45, '1007.7', 1),
(978, 160, 48, '137.4', 1),
(979, 160, 30, '2.3', 1),
(980, 161, 33, '412.7', 1),
(981, 161, 74, '377.8', 1),
(982, 161, 31, '284.5', 1),
(983, 161, 90, '203.2', 1),
(984, 161, 85, '158.7', 1),
(985, 162, 95, '237.7', 1),
(986, 162, 94, '.1', 1),
(987, 162, 5, '.1', 1),
(988, 162, 16, '0.1', 1),
(989, 162, 19, '0.1', 1),
(990, 162, 1, '0.2', 1),
(991, 163, 95, '474.9', 1),
(992, 163, 1, '0.', 1),
(993, 164, 95, '474.9', 1),
(994, 164, 1, '1.0', 1),
(995, 164, 13, '0.2', 1),
(996, 164, 94, '0.5', 1),
(997, 165, 48, '275.5', 1),
(998, 165, 62, '250.1', 1),
(999, 165, 61, '201.4', 1),
(1000, 165, 37, '120.8', 1),
(1001, 165, 64, '44.5', 1),
(1002, 165, 46, '42.4', 1),
(1003, 165, 35, '19.1', 1),
(1004, 165, 34, '1.4', 1),
(1005, 165, 65, '2.2', 1),
(1006, 165, 23, '1.6', 1),
(1007, 165, 72, '1.6', 1),
(1008, 165, 21, '6.7', 1),
(1009, 166, 45, '942.0', 1),
(1010, 166, 49, '1.9', 1),
(1011, 166, 35, '1.0', 1),
(1012, 167, 65, '693.5', 1),
(1013, 167, 32, '121.4', 1),
(1014, 167, 62, '104.0', 1),
(1015, 167, 23, '34.7', 1),
(1016, 167, 64, '17.3', 1),
(1017, 167, 48, '13.9', 1),
(1018, 167, 46, '10.4', 1),
(1019, 168, 95, '433.3', 1),
(1020, 168, 94, '.4', 1),
(1021, 168, 16, '.3', 1),
(1022, 169, 95, '0', 1),
(1023, 169, 5, '0.4', 1),
(1024, 169, 16, '0.1', 1),
(1025, 170, 59, '271.0', 1),
(1026, 170, 60, '160.6', 1),
(1027, 170, 64, '29.1', 1),
(1028, 170, 48, '6.0', 1),
(1029, 170, 37, '1.0', 1),
(1030, 170, 46, '.8', 1),
(1031, 170, 92, '0.3', 1),
(1032, 171, 95, '415.4', 1),
(1033, 171, 5, '0.9', 1),
(1034, 171, 94, '.4', 1),
(1035, 171, 1, '0.2', 1),
(1036, 172, 61, '1278.9', 1),
(1037, 172, 60, '491.9', 1),
(1038, 172, 47, '59.0', 1),
(1039, 172, 39, '32.0', 1),
(1040, 172, 48, '29.5', 1),
(1041, 172, 31, '14.8', 1),
(1042, 172, 92, '2.1', 1),
(1043, 173, 95, '0', 1),
(1044, 173, 5, '2.9', 1),
(1045, 173, 94, '1.5', 1),
(1046, 173, 16, '.1', 1),
(1047, 173, 15, '0.2', 1),
(1048, 174, 95, '1072.2', 1),
(1049, 174, 1, '2.8', 1),
(1050, 174, 5, '1.5', 1),
(1051, 174, 11, '1.5', 1),
(1052, 174, 94, '1.1', 1),
(1053, 174, 16, '.3', 1),
(1054, 175, 95, '4147.9', 1),
(1055, 175, 16, '5.2', 1),
(1056, 175, 1, '3.5', 1),
(1057, 175, 11, '3.5', 1),
(1058, 175, 94, '1.7', 1),
(1059, 176, 95, '3558.0', 1),
(1060, 176, 94, '4.5', 1),
(1061, 176, 5, '3.9', 1),
(1062, 176, 1, '1.3', 1),
(1063, 176, 16, '0.7', 1),
(1064, 177, 95, '1185.1', 1),
(1065, 177, 16, '1.5', 1),
(1066, 177, 1, '1.0', 1),
(1067, 177, 11, '1.0', 1),
(1068, 177, 94, '.5', 1),
(1069, 178, 95, '0', 1),
(1070, 178, 5, '1.9', 1),
(1071, 178, 94, '1.4', 1),
(1072, 178, 1, '1.2', 1),
(1073, 179, 95, '0', 1),
(1074, 179, 5, '2.4', 1),
(1075, 179, 94, '1.0', 1),
(1076, 180, 95, '0', 1),
(1077, 180, 94, '4.5', 1),
(1078, 180, 5, '3.9', 1),
(1079, 180, 1, '1.3', 1),
(1080, 180, 16, '0.7', 1),
(1081, 181, 95, '0', 1),
(1082, 181, 94, '1.5', 1),
(1083, 181, 5, '1.3', 1),
(1084, 181, 1, '0.4', 1),
(1085, 181, 16, '0.2', 1),
(1086, 182, 95, '0', 1),
(1087, 182, 1, '8.3', 1),
(1088, 182, 94, '2.9', 1),
(1089, 182, 13, '1.2', 1),
(1090, 182, 5, '.8', 1),
(1091, 183, 67, '115.9', 1),
(1092, 183, 48, '23.2', 1),
(1093, 183, 66, '21.1', 1),
(1094, 183, 49, '16.3', 1),
(1095, 183, 37, '7.3', 1),
(1096, 183, 35, '4.1', 1),
(1097, 183, 45, '1.4', 1),
(1098, 183, 34, '1.2', 1),
(1099, 184, 72, '295.9', 1),
(1100, 184, 48, '57.1', 1),
(1101, 184, 47, '50.5', 1),
(1102, 184, 30, '27.5', 1),
(1103, 184, 30, '27.5', 1),
(1104, 184, 32, '27.5', 1),
(1105, 184, 88, '27.5', 1),
(1106, 184, 64, '23.9', 1),
(1107, 184, 61, '11.0', 1),
(1108, 184, 34, '3.7', 1),
(1109, 185, 95, '593.0', 1),
(1110, 185, 94, '0.8', 1),
(1111, 185, 5, '0.7', 1),
(1112, 185, 1, '0.2', 1),
(1113, 185, 16, '0.1', 1),
(1114, 186, 67, '202.8', 1),
(1115, 186, 48, '40.6', 1),
(1116, 186, 66, '37.0', 1),
(1117, 186, 49, '28.5', 1),
(1118, 186, 37, '12.8', 1),
(1119, 186, 35, '7.4', 1),
(1120, 186, 45, '2.3', 1),
(1121, 186, 34, '2.1', 1),
(1122, 186, 92, '6.9', 1),
(1123, 186, 50, '7.6', 1),
(1124, 186, 30, '1.2', 1),
(1125, 186, 59, '1.1', 1),
(1126, 186, 45, '2.5', 1),
(1127, 186, 36, '0.9', 1),
(1128, 186, 47, '1.1', 1),
(1129, 186, 66, '2.5', 1),
(1130, 186, 77, '1.2', 1),
(1131, 186, 32, '1.2', 1),
(1132, 187, 61, '214.5', 1),
(1133, 187, 60, '55.3', 1),
(1134, 187, 64, '7.3', 1),
(1135, 187, 51, '5.5', 1),
(1136, 187, 46, '1.8', 1),
(1137, 187, 37, '1.2', 1),
(1138, 188, 95, '0', 1),
(1139, 188, 5, '4.8', 1),
(1140, 188, 94, '2.4', 1),
(1141, 189, 95, '237.5', 1),
(1142, 189, 94, '2', 1),
(1143, 190, 16, '02', 1),
(1144, 191, 59, '271.0', 1),
(1145, 191, 60, '160.6', 1),
(1146, 191, 64, '29.1', 1),
(1147, 191, 48, '6.0', 1),
(1148, 191, 37, '1.0', 1),
(1149, 191, 46, '0.8', 1),
(1150, 192, 95, '474.7', 1),
(1151, 192, 5, '.8', 1),
(1152, 192, 94, '.4', 1),
(1153, 193, 95, '0', 1),
(1154, 193, 94, '3.6', 1),
(1155, 193, 1, '1.3', 1),
(1156, 193, 11, '1.3', 1),
(1157, 193, 16, '.9', 1),
(1158, 193, 5, '.7', 1),
(1159, 194, 95, '0', 1),
(1160, 194, 4, '35.8', 1),
(1161, 194, 1, '14.3', 1),
(1162, 194, 94, '14.3', 1),
(1163, 195, 95, '593.7', 1),
(1164, 195, 94, '.7', 1),
(1165, 195, 7, '.2', 1),
(1166, 195, 5, '.1', 1),
(1167, 195, 16, '.1', 1),
(1168, 196, 60, '151.5', 1),
(1169, 197, 95, '0', 1),
(1170, 197, 5, '9.5', 1),
(1171, 197, 1, '4.9', 1),
(1172, 197, 94, '4.9', 1),
(1173, 197, 11, '2.0', 1),
(1174, 197, 16, '1.0', 1),
(1175, 198, 95, '1191.8', 1),
(1176, 198, 5, '2.3', 1),
(1177, 198, 94, '1.0', 1),
(1178, 198, 16, '0.3', 1),
(1179, 198, 19, '0.2', 1),
(1180, 198, 1, '0.5', 1),
(1181, 199, 95, '594.4', 1),
(1182, 199, 5, '1.3', 1),
(1183, 199, 94, '0.9', 1),
(1184, 200, 95, '515', 1),
(1185, 200, 1, '1.8', 1),
(1186, 200, 94, '1.0', 1),
(1187, 200, 11, '.5', 1),
(1188, 200, 16, '.2', 1),
(1189, 200, 19, '0.1', 1),
(1190, 201, 61, '165.9', 1),
(1191, 201, 60, '110', 1),
(1192, 201, 48, '52.0', 1),
(1193, 201, 49, '19.7', 1),
(1194, 201, 32, '15.2', 1),
(1195, 201, 31, '12.6', 1),
(1196, 201, 23, '7.2', 1),
(1197, 201, 92, '3.7', 1),
(1198, 202, 95, '705.6', 1),
(1199, 202, 16, '.7', 1),
(1200, 202, 1, '0.9', 1),
(1201, 202, 11, '0.7', 1),
(1202, 202, 94, '.2', 1),
(1203, 202, 19, '0.4', 1),
(1204, 203, 95, '0', 1),
(1205, 203, 94, '0.8', 1),
(1206, 203, 16, '0.9', 1),
(1207, 204, 95, '241.6', 1),
(1208, 204, 94, '.6', 1),
(1209, 204, 1, '0.2', 1),
(1210, 204, 16, '0.1', 1),
(1211, 205, 45, '276.3', 1),
(1212, 205, 82, '180.9', 1),
(1213, 205, 88, '164.5', 1),
(1214, 205, 48, '131.6', 1),
(1215, 205, 30, '6.6', 1),
(1216, 205, 38, '6.6', 1),
(1217, 205, 92, '1.9', 1),
(1218, 205, 23, '1.2', 1),
(1219, 205, 22, '.3', 1),
(1220, 206, 45, '403.1', 1),
(1221, 206, 48, '55.0', 1),
(1222, 206, 30, '.9', 1),
(1223, 207, 33, '170.2', 1),
(1224, 207, 74, '115.4', 1),
(1225, 207, 23, '84.4', 1),
(1226, 207, 34, '9.9', 1),
(1227, 207, 31, '4.2', 1),
(1228, 207, 51, '2.2', 1),
(1229, 207, 31, '1.1', 1),
(1230, 208, 95, '0', 1),
(1231, 208, 1, '1.4', 1),
(1232, 208, 16, '.9', 1),
(1233, 208, 94, '.9', 1),
(1234, 209, 61, '959.2', 1),
(1235, 209, 60, '368.9', 1),
(1236, 209, 47, '44.3', 1),
(1237, 209, 39, '22.1', 1),
(1238, 209, 48, '22', 1),
(1239, 210, 61, '447.6', 1),
(1240, 210, 60, '172.2', 1),
(1241, 210, 47, '20.7', 1),
(1242, 210, 39, '10.3', 1),
(1243, 210, 48, '10.3', 1),
(1244, 210, 31, '5.2', 1),
(1245, 210, 31, '11.1', 1),
(1246, 211, 95, '0', 1),
(1247, 211, 94, '1.1', 1),
(1248, 211, 16, '8.2', 1),
(1249, 212, 95, '830.8', 1),
(1250, 212, 5, '1.7', 1),
(1251, 212, 94, '.7', 1),
(1252, 212, 16, '0.1', 1),
(1253, 212, 19, '0.3', 1),
(1254, 213, 95, '0', 1),
(1255, 213, 94, '0.2', 1),
(1256, 213, 16, '0.1', 1),
(1257, 214, 8, '93.5', 1),
(1258, 214, 12, '48.8', 1),
(1259, 214, 7, '12.1', 1),
(1260, 214, 95, '1.1', 1),
(1261, 214, 94, '.5', 1),
(1262, 215, 61, '128.0', 1),
(1263, 215, 62, '128.0', 1),
(1264, 215, 80, '44.0', 1),
(1265, 215, 49, '32', 1),
(1266, 215, 37, '2.2', 1),
(1267, 215, 23, '1.8', 1),
(1268, 216, 61, '62.2', 1),
(1269, 216, 60, '40.4', 1),
(1270, 216, 48, '19.5', 1),
(1271, 216, 49, '7.4', 1),
(1272, 216, 32, '5.7', 1),
(1273, 216, 31, '4.7', 1),
(1274, 216, 23, '2.7', 1),
(1275, 217, 40, '45.9', 1),
(1276, 217, 78, '43.6', 1),
(1277, 217, 39, '46.6', 1),
(1278, 217, 61, '38.4', 1),
(1279, 217, 35, '27.5', 1),
(1280, 217, 64, '4.6', 1),
(1281, 218, 89, '188.5', 1),
(1282, 218, 39, '1.7', 1),
(1283, 218, 37, '.8', 1),
(1284, 219, 58, '109.5', 1),
(1285, 219, 59, '37.3', 1),
(1286, 219, 60, '59.3', 1),
(1287, 219, 48, '2.0', 1),
(1288, 219, 38, '.4', 1),
(1289, 220, 72, '998.7', 1),
(1290, 220, 33, '199.7', 1),
(1291, 220, 29, '116.5', 1),
(1292, 220, 64, '89.9', 1),
(1293, 220, 60, '16.6', 1),
(1294, 220, 32, '6.7', 1),
(1295, 221, 12, '94.6', 1),
(1296, 221, 8, '165.7', 1),
(1297, 221, 7, '193.0', 1),
(1298, 221, 95, '196.6', 1),
(1299, 221, 94, '197.1', 1),
(1300, 222, 60, '1342.5', 1),
(1301, 222, 61, '479.5', 1),
(1302, 222, 64, '19.2', 1),
(1303, 222, 49, '19.2', 1),
(1304, 222, 23, '12.0', 1),
(1305, 222, 46, '9.6', 1),
(1306, 223, 95, '2024.2', 1),
(1307, 223, 5, '2.7', 1),
(1308, 223, 94, '2.1', 1),
(1309, 223, 7, '1.2', 1),
(1310, 223, 16, '.3', 1),
(1311, 223, 15, '0.1', 1),
(1312, 223, 1, '1.2', 1),
(1313, 224, 95, '0', 1),
(1314, 224, 94, '1.1', 1),
(1315, 224, 16, '10', 1),
(1316, 224, 19, '0.1', 1),
(1317, 225, 72, '166.4', 1),
(1318, 225, 33, '33.3', 1),
(1319, 225, 29, '19.4', 1),
(1320, 225, 64, '15.0', 1),
(1321, 225, 60, '2.8', 1),
(1322, 225, 32, '1', 1),
(1323, 226, 59, '366.7', 1),
(1324, 226, 60, '394.3', 1),
(1325, 226, 46, '4.8', 1),
(1326, 226, 48, '4.8', 1),
(1327, 226, 23, '3.2', 1),
(1328, 227, 61, '402.2', 1),
(1329, 227, 62, '402.2', 1),
(1330, 227, 80, '138.2', 1),
(1331, 227, 49, '92.4', 1),
(1332, 227, 37, '6.9', 1),
(1333, 227, 23, '4.7', 1),
(1334, 227, 48, '15', 1),
(1335, 227, 16, '0.3', 1),
(1336, 227, 39, '1.5', 1),
(1337, 227, 34, '1.1', 1),
(1338, 228, 95, '0', 1),
(1339, 228, 94, '2.7', 1),
(1340, 228, 1, '1.4', 1),
(1341, 228, 5, '1.1', 1),
(1342, 228, 15, '0.5', 1),
(1343, 228, 19, '1.1', 1),
(1344, 229, 95, '831.4', 1),
(1345, 229, 94, '1.8', 1),
(1346, 229, 16, '.6', 1),
(1347, 229, 19, '', 1),
(1348, 230, 95, '0', 1),
(1349, 230, 1, '0.6', 1),
(1350, 230, 16, '1.0', 1),
(1351, 230, 94, '.9', 1),
(1352, 230, 19, '0.4', 1),
(1353, 231, 33, '631.6', 1),
(1354, 231, 85, '412', 1),
(1355, 231, 88, '69.5', 1),
(1356, 231, 65, '52.7', 1),
(1357, 231, 20, '40.2', 1),
(1358, 231, 46, '4.1', 1),
(1359, 232, 8, '504.7', 1),
(1360, 232, 12, '126.2', 1),
(1361, 232, 95, '8.8', 1),
(1362, 232, 94, '4.4', 1),
(1363, 233, 95, '0', 1),
(1364, 233, 1, '1.5', 1),
(1365, 233, 12, '.6', 1),
(1366, 233, 16, '1', 1),
(1367, 233, 94, '0.9', 1),
(1368, 234, 95, '836.2', 1),
(1369, 234, 94, '3.5', 1),
(1370, 234, 1, '2.3', 1),
(1371, 234, 11, '1.2', 1),
(1372, 234, 16, '0.7', 1),
(1373, 234, 5, '0.8', 1),
(1374, 234, 17, '0.4', 1),
(1375, 234, 19, '0.5', 1),
(1376, 235, 33, '147.4', 1),
(1377, 235, 85, '110', 1),
(1378, 235, 88, '1', 1),
(1379, 236, 58, '82.1', 1),
(1380, 236, 59, '28.0', 1),
(1381, 236, 60, '28.0', 1),
(1382, 236, 48, '1.5', 1),
(1383, 236, 38, '.3', 1),
(1384, 237, 61, '205.8', 1),
(1385, 237, 60, '65.5', 1),
(1386, 237, 66, '46.8', 1),
(1387, 237, 64, '6.5', 1),
(1388, 237, 23, '2.8', 1),
(1389, 237, 55, '2.8', 1),
(1390, 237, 48, '2.8', 1),
(1391, 238, 95, '0', 1),
(1392, 238, 94, '2', 1),
(1393, 238, 5, '2.8', 1),
(1394, 238, 1, '9', 1),
(1395, 238, 11, '1.3', 1),
(1396, 238, 16, '1', 1),
(1397, 239, 95, '0', 1),
(1398, 239, 94, '1.9', 1),
(1399, 239, 1, '1.6', 1),
(1400, 239, 11, '1.4', 1),
(1401, 239, 5, '0.8', 1),
(1402, 239, 16, '0.5', 1),
(1403, 240, 33, '93.2', 1),
(1404, 240, 85, '63.2', 1),
(1405, 240, 88, '6.9', 1),
(1406, 240, 65, '5.3', 1),
(1407, 240, 20, '4.1', 1),
(1408, 240, 46, '.4', 1),
(1409, 241, 95, '415.7', 1),
(1410, 241, 94, '0.6', 1),
(1411, 241, 16, '1.5', 1),
(1412, 241, 19, '0.2', 1),
(1413, 242, 61, '508.7', 1),
(1414, 242, 48, '190.3', 1),
(1415, 242, 65, '101.7', 1),
(1416, 242, 60, '101.7', 1),
(1417, 242, 64, '40.7', 1),
(1418, 242, 45, '24.4', 1),
(1419, 242, 23, '20.3', 1),
(1420, 242, 34, '4.1', 1),
(1421, 242, 39, '1.4', 1),
(1422, 242, 92, '1.2', 1),
(1423, 243, 95, '652.8', 1),
(1424, 243, 5, '1.3', 1),
(1425, 243, 94, '.5', 1),
(1426, 244, 59, '1183.3', 1),
(1427, 244, 60, '482.1', 1),
(1428, 244, 49, '5.7', 1),
(1429, 244, 38, '3.5', 1),
(1430, 244, 35, '1.8', 1),
(1431, 245, 61, '73.1', 1),
(1432, 245, 62, '73.1', 1),
(1433, 245, 80, '25.1', 1),
(1434, 245, 49, '16.8', 1),
(1435, 245, 37, '1.3', 1),
(1436, 245, 23, '.9', 1),
(1437, 246, 95, '102.3', 1),
(1438, 246, 4, '0', 1),
(1439, 246, 1, '8.3', 1),
(1440, 246, 94, '10.6', 1),
(1441, 246, 5, '5.5', 1),
(1442, 246, 16, '0.5', 1),
(1443, 246, 11, '0.9', 1);

-- --------------------------------------------------------

--
-- Table structure for table `product`
--

CREATE TABLE `product` (
  `product_id` int(11) NOT NULL,
  `product_code` varchar(255) NOT NULL,
  `product_name` varchar(255) NOT NULL,
  `categories_id` int(11) NOT NULL,
  `iquantity` float NOT NULL DEFAULT '0',
  `quantity` float NOT NULL DEFAULT '0',
  `purchase` float NOT NULL DEFAULT '0',
  `active` int(11) NOT NULL DEFAULT '0',
  `status` int(11) NOT NULL DEFAULT '0'
) ENGINE=InnoDB DEFAULT CHARSET=latin1;

--
-- Dumping data for table `product`
--

INSERT INTO `product` (`product_id`, `product_code`, `product_name`, `categories_id`, `iquantity`, `quantity`, `purchase`, `active`, `status`) VALUES
(1, '100', 'Brilliant Yellow', 1, 3535.9, 2909.24, 0, 1, 1),
(2, '110', 'Chrome Yellow', 1, 4182.5, 4181.4, 0, 1, 1),
(3, '120', 'Red Chrome Yellow', 1, 4105.5, 4104.5, 0, 1, 1),
(4, '130', 'Light Orange', 1, 3561.4, 3525.6, 0, 1, 1),
(5, '150', 'Ochre', 1, 3535.9, 3245.3, 0, 1, 1),
(6, '210', 'Lead Red Orange', 1, 4267.4, 4267.4, 0, 1, 1),
(7, '230', 'Orange', 1, 3535.9, 1688, 0, 1, 1),
(8, '300', 'Brilliant Red', 1, 3535.9, 2449, 0, 1, 1),
(9, '310', 'Vibrant Red', 1, 913.8, 885, 0, 1, 1),
(10, '340', 'Dark Red', 1, 913.8, 875.5, 0, 1, 1),
(11, '360', 'Red', 1, 913.8, 865.1, 0, 1, 1),
(12, '430', 'Bordeaux', 1, 932, 661.3, 0, 1, 1),
(13, '440', 'Bluish Violet', 1, 913.8, 882.2, 0, 1, 1),
(14, '510', 'Reddish Blue', 1, 930, 901.9, 0, 1, 1),
(15, '520', 'Blue', 1, 950, 941.1, 0, 1, 1),
(16, '540', 'Transparent Blue', 1, 915, 851, 0, 1, 1),
(17, '610', 'Green', 1, 945, 942, 0, 1, 1),
(18, '620', 'Transparent Green', 1, 950, 946.8, 0, 1, 1),
(19, '810', 'Red Oxide', 1, 1025, 1016.6, 0, 1, 1),
(20, '102-Y', 'Transparent Orange', 1, 913.8, 798.4, 0, 1, 1),
(21, '103-Y', 'Transparent Reddish Yellow', 1, 913.8, 886, 0, 1, 1),
(22, '104-Y', 'Yellow Ochre', 1, 1179.1, 648.4, 0, 1, 1),
(23, '105-Y', 'Transparent Yellow Ochre', 1, 913.8, 141.7, 0, 1, 1),
(24, '106-Y', 'Bright Yellow', 1, 4948.2, 4948.2, 0, 1, 1),
(25, '107-Y', 'Lemon Yellow', 1, 990, 986.3, 0, 1, 1),
(26, '108-Y', 'Yellow', 1, 950, 940.1, 0, 1, 1),
(27, '207-O', 'Orange', 1, 930, 928.1, 0, 1, 1),
(28, '209-O', 'Red Orange', 1, 913.8, 913.7, 0, 1, 1),
(29, '307-R', 'Rubby Red', 1, 925.8, 562.9, 0, 1, 1),
(30, '308-R', 'Bluish Red', 1, 925.8, 717.1, 0, 1, 1),
(31, '309-R', 'Magenta', 1, 925.8, 211.5, 0, 1, 1),
(32, '311-R', 'Transparent Red Oxide', 1, 925.8, 435.4, 0, 1, 1),
(33, '312-R', 'Marron Red', 7, 826.4, 45.8, 0, 1, 1),
(34, '822-RB', 'Red Oxide', 1, 979.2, 905.1, 0, 1, 1),
(35, '413-V', 'Violet', 1, 929.5, 106.3, 0, 1, 1),
(36, '414-V', 'Red Violet', 1, 913.8, 897.8, 0, 1, 1),
(37, '515-B', 'Royal Blue', 1, 3535.9, 2844.6, 0, 1, 1),
(38, '517-B', 'Iris Blue', 1, 913.8, 810.5, 0, 1, 1),
(39, '518-B', 'Cobalt Blue', 1, 913.8, 645.1, 0, 1, 1),
(40, '519-B', 'Blue', 1, 913.8, 326.4, 0, 1, 1),
(41, '619-G', 'Green', 1, 913.8, 843.7, 0, 1, 1),
(42, '621-G', 'Stone Green', 1, 913.8, 813.9, 0, 1, 1),
(44, '622-OG', 'Olive Green', 1, 913.8, 780.9, 0, 1, 1),
(45, '923-W', 'Standard White', 2, 4310.6, 1650.9, 0, 1, 1),
(46, '924-W', 'White', 2, 913.8, 1056.7, 0, 1, 1),
(47, 'MT925-W', 'Effect White Microtitanium', 2, 913.8, 106.8, 0, 1, 1),
(48, '926-BL', 'Black', 2, 3626.3, 817.6, 0, 1, 1),
(49, '927-BL', 'Mixing Black', 2, 3535.9, 2590, 0, 1, 1),
(50, '930-BL', 'Deep Black', 2, 3535.9, 2918.3, 0, 1, 1),
(51, 'T928-BL', 'Black Toner', 3, 456.9, 387.3, 0, 1, 1),
(52, 'T929-Y', 'Yellow Ochre Toner', 3, 456.9, 369.7, 0, 1, 1),
(53, 'T315-R', 'Magenta Toner', 3, 550, 544.1, 0, 1, 1),
(54, 'T415-V', 'Violet Toner', 3, 490, 485.9, 0, 1, 1),
(55, 'T521-B', 'Cobalt Blue Toner', 3, 456.9, 444.2, 0, 1, 1),
(56, 'T623-G', 'Green Toner', 3, 456.9, 421.6, 0, 1, 1),
(57, 'T823-RB', 'Red Oxide Toner', 3, 456.9, 388.4, 0, 1, 1),
(58, '743-A', 'Extra Coarse Aluminium', 4, 854.6, 663, 0, 1, 1),
(59, '745-A', 'Medium Aluminum', 4, 3546.8, 927.5, 0, 1, 1),
(60, '746-A', 'Fine Aluminum', 7, 3728.7, 1023.3, 0, 1, 1),
(61, '747-A', 'Medium Silver Dollar Aluminum', 4, 3571, 1225.5, 0, 1, 1),
(62, '749-A', 'Fine Silver Dollar Aluminum', 7, 3489.7, 326.1, 0, 1, 1),
(63, '751-A', 'Extra Fine Aluminum', 4, 913.8, 655.8, 0, 1, 1),
(64, 'M047-T', 'Flip Flop Regulator', 7, 1010, 962.8, 0, 1, 1),
(65, 'P129-Y', 'Gold', 5, 1088.5, 233.1, 0, 1, 1),
(66, 'P943-W', 'Fine White', 5, 1028.3, 479.9, 0, 1, 1),
(67, 'P941-W', 'Coarse White', 5, 913.8, 242.9, 0, 1, 1),
(68, 'P945-W', 'Extra Fine White', 5, 913.8, 880.6, 0, 1, 1),
(69, 'P128-Y', 'Yellow', 5, 913.8, 457.2, 0, 1, 1),
(70, 'P837-BR', 'Light Brown', 5, 913.8, 869.6, 0, 1, 1),
(71, 'P838-RB', 'Red Brown Almandin', 5, 913.8, 867.8, 0, 1, 1),
(72, 'P840-RB', 'Sunrise Orange', 5, 1511.1, 346, 0, 1, 1),
(73, 'P331-R', 'Red', 5, 920, 919, 0, 1, 1),
(74, 'P330-R', 'Red Tizian Rat', 5, 902.9, 902.9, 0, 1, 1),
(75, 'P432-R', 'Amethyst', 5, 913.8, 669.5, 0, 1, 1),
(76, 'P533-B', 'Blue', 5, 913.8, 748.9, 0, 1, 1),
(77, 'P329-R', 'Rosa Pearl', 5, 920, 631.8, 0, 1, 1),
(78, 'P534-B', 'Blue Pearl', 5, 932.8, 771.2, 0, 1, 1),
(79, 'P635-G', 'Light Green', 5, 913.8, 767.6, 0, 1, 1),
(80, 'P636-G', 'Moss Green', 5, 913.8, 426.9, 0, 1, 1),
(81, 'X130-Y', 'Sunbeam Gold', 6, 335.9, 296.4, 0, 1, 1),
(82, 'X535-B', 'Galaxy Blue', 6, 281.5, 21.3, 0, 1, 1),
(83, 'X637-G', 'Stellar Green', 6, 200.3, 200.3, 0, 1, 1),
(84, 'X839-RB', 'Fireside Copper', 6, 196.8, 198.8, 0, 1, 1),
(85, 'X332-R', 'Radiant Red', 6, 279.1, 279.1, 0, 1, 1),
(86, 'X328-R', 'Rutile Red Rosa', 6, 195.6, 195.6, 0, 1, 1),
(87, 'X433-R', 'Amethyst', 6, 201.5, 201.5, 0, 1, 1),
(88, 'X944-W', 'Crystal Silver', 6, 287.5, 287.5, 0, 1, 1),
(89, '050-S', 'Stabilisator', 6, 3535.9, 365.3, 0, 1, 1),
(90, '313-R', 'Vibrant Red', 1, 925.8, 604.8, 0, 1, 1),
(91, '220', 'Lead Orange', 1, 4230.6, 4230.6, 0, 1, 1),
(92, '514-B', 'A', 1, 913.8, 837.8, 0, 1, 1),
(93, '900', 'B', 2, 4188.7, 4188.7, 0, 2, 2),
(94, '911', 'C', 2, 3535.9, 1567.1, 0, 1, 1),
(95, '910', 'B', 7, 4425.4, 3254.6, 0, 1, 1);

-- --------------------------------------------------------

--
-- Table structure for table `users`
--

CREATE TABLE `users` (
  `user_id` int(11) NOT NULL,
  `username` varchar(255) NOT NULL,
  `password` varchar(255) NOT NULL,
  `email` varchar(255) NOT NULL
) ENGINE=InnoDB DEFAULT CHARSET=latin1;

--
-- Dumping data for table `users`
--

INSERT INTO `users` (`user_id`, `username`, `password`, `email`) VALUES
(1, 'admin', '178e53e30e576de9400a83a80787e52c', ''),
(4, 'tinaye', 'c63a1b357f0f35ed66584ce051923867', 'tinaye@gmail.com'),
(5, 'ookeditse', '88a449c48b0b623a6d48c54607d427c9', 'tynaeysl@gmail.com'),
(6, 'huggins', 'e5bbf701f2b50f3586d65e8deb1eeff5', 'tynaeysl@gmail.com'),
(7, 'paintshop', 'd444f7e2d3b8340263b01935b69a6297', ''),
(8, 'tadiwa', '91d982e67c3f7a5dd7610f056663a6e4', ''),
(9, 'test', '098f6bcd4621d373cade4e832627b4f6', 'test@user');

--
-- Indexes for dumped tables
--

--
-- Indexes for table `categories`
--
ALTER TABLE `categories`
  ADD PRIMARY KEY (`categories_id`);

--
-- Indexes for table `orders`
--
ALTER TABLE `orders`
  ADD PRIMARY KEY (`order_id`);

--
-- Indexes for table `order_item`
--
ALTER TABLE `order_item`
  ADD PRIMARY KEY (`order_item_id`);

--
-- Indexes for table `product`
--
ALTER TABLE `product`
  ADD PRIMARY KEY (`product_id`);

--
-- Indexes for table `users`
--
ALTER TABLE `users`
  ADD PRIMARY KEY (`user_id`);

--
-- AUTO_INCREMENT for dumped tables
--

--
-- AUTO_INCREMENT for table `categories`
--
ALTER TABLE `categories`
  MODIFY `categories_id` int(11) NOT NULL AUTO_INCREMENT, AUTO_INCREMENT=8;

--
-- AUTO_INCREMENT for table `orders`
--
ALTER TABLE `orders`
  MODIFY `order_id` int(11) NOT NULL AUTO_INCREMENT, AUTO_INCREMENT=247;

--
-- AUTO_INCREMENT for table `order_item`
--
ALTER TABLE `order_item`
  MODIFY `order_item_id` int(11) NOT NULL AUTO_INCREMENT, AUTO_INCREMENT=1444;

--
-- AUTO_INCREMENT for table `product`
--
ALTER TABLE `product`
  MODIFY `product_id` int(11) NOT NULL AUTO_INCREMENT, AUTO_INCREMENT=96;

--
-- AUTO_INCREMENT for table `users`
--
ALTER TABLE `users`
  MODIFY `user_id` int(11) NOT NULL AUTO_INCREMENT, AUTO_INCREMENT=10;
COMMIT;

/*!40101 SET CHARACTER_SET_CLIENT=@OLD_CHARACTER_SET_CLIENT */;
/*!40101 SET CHARACTER_SET_RESULTS=@OLD_CHARACTER_SET_RESULTS */;
/*!40101 SET COLLATION_CONNECTION=@OLD_COLLATION_CONNECTION */;
